p1,p2
\NYU\NYU_kitchen_0031\NYU_kitchen_0031_3.png,\NYU\NYU_kitchen_0031\NYU_kitchen_0031_4.png
\NYU\NYU_bookstore_0002_\NYU_bookstore_0002_11.png,\NYU\NYU_bookstore_0002_\NYU_bookstore_0002_12.png
\European_flood_dataset\138\EF_138_26555956.jpg,\European_flood_dataset\138\EF_138_26555962.jpg
\NYU\NYU_bookstore_0001\NYU_bookstore_0001_1.png,\NYU\NYU_bookstore_0001\NYU_bookstore_0001_2.png
\Trimbot\uvc_camera_cam_2\TRI_uvc_camera_cam_2_f01260_undist.png,\Trimbot\uvc_camera_cam_2\TRI_uvc_camera_cam_2_f01270_undist.png
\NYU\NYU_office_kitchen_0002\NYU_office_kitchen_0002_1.png,\NYU\NYU_office_kitchen_0002\NYU_office_kitchen_0002_4.png
\European_flood_dataset\120\EF_120_26533835.jpg,\European_flood_dataset\120\EF_120_26533839.jpg
\NYU\NYU_office_0014\NYU_office_0014_3.png,\NYU\NYU_office_0014\NYU_office_0014_4.png
\European_flood_dataset\175\EF_175_26817203.jpg,\European_flood_dataset\175\EF_175_26817228.jpg
\NYU\NYU_bathroom_0034\NYU_bathroom_0034_1.png,\NYU\NYU_bathroom_0034\NYU_bathroom_0034_2.png
\NYU\NYU_kitchen_0049\NYU_kitchen_0049_3.png,\NYU\NYU_kitchen_0049\NYU_kitchen_0049_4.png
\NYU\NYU_home_office_0006\NYU_home_office_0006_1.png,\NYU\NYU_home_office_0006\NYU_home_office_0006_4.png
\tv_human_interactions_videos\kiss_0005\TV_kiss_0005_004.png,\tv_human_interactions_videos\kiss_0005\TV_kiss_0005_019.png
\NYU\NYU_bedroom_0067\NYU_bedroom_0067_2.png,\NYU\NYU_bedroom_0067\NYU_bedroom_0067_3.png
\tv_human_interactions_videos\hug_0013\TV_hug_0013_003.png,\tv_human_interactions_videos\hug_0013\TV_hug_0013_018.png
\NYU\NYU_living_room_0050\NYU_living_room_0050_1.png,\NYU\NYU_living_room_0050\NYU_living_room_0050_3.png
\OPEED\2\OP_2_663.png,\OPEED\2\OP_2_668.png
\European_flood_dataset\226\EF_226_56538640.jpg,\European_flood_dataset\226\EF_226_56538648.jpg
\OPEED\1\OP_1_33.png,\OPEED\1\OP_1_40.png
\NYU\NYU_living_room_0046\NYU_living_room_0046_4.png,\NYU\NYU_living_room_0046\NYU_living_room_0046_5.png
\European_flood_dataset\37\EF_37_26467887.jpg,\European_flood_dataset\37\EF_37_26467900.jpg
\NYU\NYU_kitchen_0052\NYU_kitchen_0052_2.png,\NYU\NYU_kitchen_0052\NYU_kitchen_0052_3.png
\NYU\NYU_bedroom_0028\NYU_bedroom_0028_1.png,\NYU\NYU_bedroom_0028\NYU_bedroom_0028_2.png
\NYU\NYU_bedroom_0084\NYU_bedroom_0084_1.png,\NYU\NYU_bedroom_0084\NYU_bedroom_0084_4.png
\European_flood_dataset\48\EF_48_26469870.jpg,\European_flood_dataset\48\EF_48_26469887.jpg
\European_flood_dataset\33\EF_33_26467281.jpg,\European_flood_dataset\33\EF_33_26467314.jpg
\NYU\NYU_classroom_0012\NYU_classroom_0012_1.png,\NYU\NYU_classroom_0012\NYU_classroom_0012_2.png
\tv_human_interactions_videos\kiss_0002\TV_kiss_0002_001.png,\tv_human_interactions_videos\kiss_0002\TV_kiss_0002_006.png
\RAGHAVENDER_SAHDEV_place_recognition\14\RSp_14_SemRoomL17h33m36sLimg56.png,\RAGHAVENDER_SAHDEV_place_recognition\14\RSp_14_SemRoomL17h34m23sLimg153.png
\MASATI\coast\22\MAS_coast_22_c0182.png,\MASATI\coast\22\MAS_coast_22_c0183.png
\Mendeley\Faculty_of_arts_and_design_I\MEN_FacultyOfArtsAndDesignI_imagem_002.png,\Mendeley\Faculty_of_arts_and_design_I\MEN_FacultyOfArtsAndDesignI_imagem_004.png
\NYU\NYU_kitchen_0053\NYU_kitchen_0053_4.png,\NYU\NYU_kitchen_0053\NYU_kitchen_0053_6.png
\European_flood_dataset\176\EF_176_26818055.jpg,\European_flood_dataset\176\EF_176_26818056.jpg
\NYU\NYU_furniture_store_0001\NYU_furniture_store_0001_6.png,\NYU\NYU_furniture_store_0001\NYU_furniture_store_0001_7.png
\European_flood_dataset\41\EF_41_26468206.jpg,\European_flood_dataset\41\EF_41_26468228.jpg
\NYU\NYU_office_0024\NYU_office_0024_3.png,\NYU\NYU_office_0024\NYU_office_0024_4.png
\NYU\NYU_playroom_0002\NYU_playroom_0002_1.png,\NYU\NYU_playroom_0002\NYU_playroom_0002_2.png
\NYU\NYU_kitchen_0052\NYU_kitchen_0052_3.png,\NYU\NYU_kitchen_0052\NYU_kitchen_0052_4.png
\European_flood_dataset\163\EF_163_26603821.jpg,\European_flood_dataset\163\EF_163_26603830.jpg
\NYU\NYU_study_0003\NYU_study_0003_1.png,\NYU\NYU_study_0003\NYU_study_0003_2.png
\NYU\NYU_living_room_0012\NYU_living_room_0012_1.png,\NYU\NYU_living_room_0012\NYU_living_room_0012_2.png
\NYU\NYU_bathroom_0056\NYU_bathroom_0056_1.png,\NYU\NYU_bathroom_0056\NYU_bathroom_0056_3.png
\NYU\NYU_office_0013\NYU_office_0013_4.png,\NYU\NYU_office_0013\NYU_office_0013_5.png
\European_flood_dataset\116\EF_116_26513966.jpg,\European_flood_dataset\116\EF_116_26513969.jpg
\NYU\NYU_living_room_0053\NYU_living_room_0053_1.png,\NYU\NYU_living_room_0053\NYU_living_room_0053_2.png
\NYU\NYU_kitchen_0028\NYU_kitchen_0028_3.png,\NYU\NYU_kitchen_0028\NYU_kitchen_0028_4.png
\NYU\NYU_living_room_0079\NYU_living_room_0079_1.png,\NYU\NYU_living_room_0079\NYU_living_room_0079_2.png
\RAGHAVENDER_SAHDEV_place_recognition\17\RSp_17_ProfRoomL8h28m39sLimg135.png,\RAGHAVENDER_SAHDEV_place_recognition\17\RSp_17_ProfRoomL8h28m40sLimg140.png
\Mendeley\Faculty_of_arts_and_design_I\MEN_FacultyOfArtsAndDesignI_imagem_001.png,\Mendeley\Faculty_of_arts_and_design_I\MEN_FacultyOfArtsAndDesignI_imagem_003.png
\European_flood_dataset\174\EF_174_26784931.jpg,\European_flood_dataset\174\EF_174_26785171.jpg
\NYU\NYU_bathroom_0017\NYU_bathroom_0017_1.png,\NYU\NYU_bathroom_0017\NYU_bathroom_0017_3.png
\NYU\NYU_student_lounge_0001\NYU_student_lounge_0001_3.png,\NYU\NYU_student_lounge_0001\NYU_student_lounge_0001_4.png
\NYU\NYU_office_0023\NYU_office_0023_1.png,\NYU\NYU_office_0023\NYU_office_0023_2.png
\NYU\NYU_living_room_0026\NYU_living_room_0026_1.png,\NYU\NYU_living_room_0026\NYU_living_room_0026_2.png
\NYU\NYU_dining_room_0030\NYU_dining_room_0030_2.png,\NYU\NYU_dining_room_0030\NYU_dining_room_0030_3.png
\tv_human_interactions_videos\kiss_0047\TV_kiss_0047_006.png,\tv_human_interactions_videos\kiss_0047\TV_kiss_0047_031.png
\NYU\NYU_bedroom_0134\NYU_bedroom_0134_1.png,\NYU\NYU_bedroom_0134\NYU_bedroom_0134_2.png
\NYU\NYU_bedroom_0084\NYU_bedroom_0084_2.png,\NYU\NYU_bedroom_0084\NYU_bedroom_0084_4.png
\Mendeley\Faculty_of_arts_and_design_I\MEN_FacultyOfArtsAndDesignI_imagem_004.png,\Mendeley\Faculty_of_arts_and_design_I\MEN_FacultyOfArtsAndDesignI_imagem_005.png
\NYU\NYU_office_0008\NYU_office_0008_2.png,\NYU\NYU_office_0008\NYU_office_0008_4.png
\NYU\NYU_study_0004\NYU_study_0004_2.png,\NYU\NYU_study_0004\NYU_study_0004_3.png
\tv_human_interactions_videos\highFive_0042\TV_highFive_0042_005.png,\tv_human_interactions_videos\highFive_0042\TV_highFive_0042_012.png
\European_flood_dataset\114\EF_114_26505776.jpg,\European_flood_dataset\114\EF_114_26505779.jpg
\European_flood_dataset\158\EF_158_26583347.jpg,\European_flood_dataset\158\EF_158_26583356.jpg
\tv_human_interactions_videos\highFive_0038\TV_highFive_0038_003.png,\tv_human_interactions_videos\highFive_0038\TV_highFive_0038_007.png
\European_flood_dataset\130\EF_130_26541231.jpg,\European_flood_dataset\130\EF_130_26541239.jpg
\NYU\NYU_office_0027\NYU_office_0027_1.png,\NYU\NYU_office_0027\NYU_office_0027_2.png
\European_flood_dataset\186\EF_186_26897911.jpg,\European_flood_dataset\186\EF_186_26897913.jpg
\NYU\NYU_living_room_0000\NYU_living_room_0000_3.png,\NYU\NYU_living_room_0000\NYU_living_room_0000_4.png
\Mendeley\Faculty_of_Engineering_parking_lot\MEN_FacultyOfAEngineeringParkingLot_imagem_061.png,\Mendeley\Faculty_of_Engineering_parking_lot\MEN_FacultyOfAEngineeringParkingLot_imagem_062.png
\NYU\NYU_kitchen_0040\NYU_kitchen_0040_1.png,\NYU\NYU_kitchen_0040\NYU_kitchen_0040_2.png
\European_flood_dataset\127\EF_127_26540917.jpg,\European_flood_dataset\127\EF_127_26540927.jpg
\European_flood_dataset\139\EF_139_26556182.jpg,\European_flood_dataset\139\EF_139_26556187.jpg
\European_flood_dataset\222\EF_222_56506226.jpg,\European_flood_dataset\222\EF_222_56506239.jpg
\RAGHAVENDER_SAHDEV_place_recognition\3\RSp_3_CorridorL19h6m44sLimg59.png,\RAGHAVENDER_SAHDEV_place_recognition\3\RSp_3_CorridorL19h6m45sLimg63.png
\RAGHAVENDER_SAHDEV_place_recognition\5\RSp_5_LivRoomL18h8m35sLimg170.png,\RAGHAVENDER_SAHDEV_place_recognition\5\RSp_5_LivRoomL18h8m36sLimg176.png
\NYU\NYU_study_0006\NYU_study_0006_1.png,\NYU\NYU_study_0006\NYU_study_0006_2.png
\NYU\NYU_office_0026\NYU_office_0026_2.png,\NYU\NYU_office_0026\NYU_office_0026_3.png
\NYU\NYU_kitchen_0025\NYU_kitchen_0025_1.png,\NYU\NYU_kitchen_0025\NYU_kitchen_0025_3.png
\NYU\NYU_bedroom_0106\NYU_bedroom_0106_1.png,\NYU\NYU_bedroom_0106\NYU_bedroom_0106_4.png
\NYU\NYU_computer_lab_0001\NYU_computer_lab_0001_1.png,\NYU\NYU_computer_lab_0001\NYU_computer_lab_0001_3.png
\RAGHAVENDER_SAHDEV_place_recognition\9\RSp_9_Lplace_ONE_15h40m22sLimg333.png,\RAGHAVENDER_SAHDEV_place_recognition\9\RSp_9_Lplace_ONE_15h40m26sLimg348.png
\Trimbot\uvc_camera_cam_2\TRI_uvc_camera_cam_2_f00910_undist.png,\Trimbot\uvc_camera_cam_2\TRI_uvc_camera_cam_2_f01100_undist.png
\NYU\NYU_office_0015\NYU_office_0015_3.png,\NYU\NYU_office_0015\NYU_office_0015_4.png
\NYU\NYU_dining_room_0036\NYU_dining_room_0036_3.png,\NYU\NYU_dining_room_0036\NYU_dining_room_0036_4.png
\NYU\NYU_bedroom_0078\NYU_bedroom_0078_2.png,\NYU\NYU_bedroom_0078\NYU_bedroom_0078_3.png
\European_flood_dataset\169\EF_169_26727635.jpg,\European_flood_dataset\169\EF_169_26727652.jpg
\Mendeley\Faculty_of_arts_and_design_I\MEN_FacultyOfArtsAndDesignI_imagem_053.png,\Mendeley\Faculty_of_arts_and_design_I\MEN_FacultyOfArtsAndDesignI_imagem_054.png
\European_flood_dataset\41\EF_41_26468228.jpg,\European_flood_dataset\41\EF_41_26468234.jpg
\European_flood_dataset\10\EF_10_26458129.jpg,\European_flood_dataset\10\EF_10_26458133.jpg
\tv_human_interactions_videos\hug_0038\TV_hug_0038_004.png,\tv_human_interactions_videos\hug_0038\TV_hug_0038_015.png
\tv_human_interactions_videos\handShake_0010\TV_handShake_0010_003.png,\tv_human_interactions_videos\handShake_0010\TV_handShake_0010_032.png
\MASATI\coast\32\MAS_coast_32_c0513.png,\MASATI\coast\32\MAS_coast_32_c0514.png
\NYU\NYU_living_room_0070\NYU_living_room_0070_2.png,\NYU\NYU_living_room_0070\NYU_living_room_0070_3.png
\RAGHAVENDER_SAHDEV_place_recognition\8\RSp_8_Lplace_FOUR_15h20m48sLimg208.png,\RAGHAVENDER_SAHDEV_place_recognition\8\RSp_8_Lplace_FOUR_15h20m50sLimg217.png
\NYU\NYU_office_0020\NYU_office_0020_1.png,\NYU\NYU_office_0020\NYU_office_0020_2.png
\NYU\NYU_living_room_0086\NYU_living_room_0086_2.png,\NYU\NYU_living_room_0086\NYU_living_room_0086_4.png
\NYU\NYU_study_0001\NYU_study_0001_3.png,\NYU\NYU_study_0001\NYU_study_0001_5.png
\RAGHAVENDER_SAHDEV_place_recognition\9\RSp_9_Lplace_ONE_15h40m47sLimg441.png,\RAGHAVENDER_SAHDEV_place_recognition\9\RSp_9_Lplace_ONE_15h40m54sLimg475.png
\NYU\NYU_bedroom_0102\NYU_bedroom_0102_1.png,\NYU\NYU_bedroom_0102\NYU_bedroom_0102_2.png
\NYU\NYU_living_room_0000\NYU_living_room_0000_4.png,\NYU\NYU_living_room_0000\NYU_living_room_0000_5.png
\NYU\NYU_dining_room_0029\NYU_dining_room_0029_2.png,\NYU\NYU_dining_room_0029\NYU_dining_room_0029_3.png
\tv_human_interactions_videos\hug_0032\TV_hug_0032_005.png,\tv_human_interactions_videos\hug_0032\TV_hug_0032_021.png
\NYU\NYU_bathroom_0041\NYU_bathroom_0041_1.png,\NYU\NYU_bathroom_0041\NYU_bathroom_0041_2.png
\European_flood_dataset\135\EF_135_26551754.jpg,\European_flood_dataset\135\EF_135_26551789.jpg
\MASATI\coast\45\MAS_coast_45_c0762.png,\MASATI\coast\45\MAS_coast_45_c0764.png
\NYU\NYU_bedroom_0062\NYU_bedroom_0062_1.png,\NYU\NYU_bedroom_0062\NYU_bedroom_0062_2.png
\tv_human_interactions_videos\handShake_0006\TV_handShake_0006_014.png,\tv_human_interactions_videos\handShake_0006\TV_handShake_0006_019.png
\NYU\NYU_office_0027\NYU_office_0027_1.png,\NYU\NYU_office_0027\NYU_office_0027_3.png
\NYU\NYU_dining_room_0030\NYU_dining_room_0030_1.png,\NYU\NYU_dining_room_0030\NYU_dining_room_0030_4.png
\RAGHAVENDER_SAHDEV_place_recognition\12\RSp_12_Lplace_TWO_17h52m1sLimg212.png,\RAGHAVENDER_SAHDEV_place_recognition\12\RSp_12_Lplace_TWO_17h52m4sLimg223.png
\RAGHAVENDER_SAHDEV_place_recognition\1\RSp_1_ArenaL18h54m24sLimg52.png,\RAGHAVENDER_SAHDEV_place_recognition\1\RSp_1_ArenaL18h54m25sLimg55.png
\European_flood_dataset\203\EF_203_27285395.jpg,\European_flood_dataset\203\EF_203_27340849.jpg
\European_flood_dataset\169\EF_169_26727614.jpg,\European_flood_dataset\169\EF_169_26727616.jpg
\European_flood_dataset\158\EF_158_26583356.jpg,\European_flood_dataset\158\EF_158_26583358.jpg
\European_flood_dataset\169\EF_169_26727631.jpg,\European_flood_dataset\169\EF_169_26727635.jpg
\NYU\NYU_living_room_0000\NYU_living_room_0000_4.png,\NYU\NYU_living_room_0000\NYU_living_room_0000_6.png
\NYU\NYU_kitchen_0053\NYU_kitchen_0053_3.png,\NYU\NYU_kitchen_0053\NYU_kitchen_0053_4.png
\European_flood_dataset\130\EF_130_26541231.jpg,\European_flood_dataset\130\EF_130_26541235.jpg
\NYU\NYU_bedroom_0106\NYU_bedroom_0106_2.png,\NYU\NYU_bedroom_0106\NYU_bedroom_0106_4.png
\tv_human_interactions_videos\hug_0041\TV_hug_0041_001.png,\tv_human_interactions_videos\hug_0041\TV_hug_0041_021.png
\NYU\NYU_living_room_0081\NYU_living_room_0081_1.png,\NYU\NYU_living_room_0081\NYU_living_room_0081_5.png
\NYU\NYU_classroom_0017\NYU_classroom_0017_1.png,\NYU\NYU_classroom_0017\NYU_classroom_0017_2.png
\NYU\NYU_living_room_0053\NYU_living_room_0053_1.png,\NYU\NYU_living_room_0053\NYU_living_room_0053_3.png
\NYU\NYU_living_room_0031\NYU_living_room_0031_2.png,\NYU\NYU_living_room_0031\NYU_living_room_0031_3.png
\NYU\NYU_living_room_0071\NYU_living_room_0071_1.png,\NYU\NYU_living_room_0071\NYU_living_room_0071_2.png
\NYU\NYU_bedroom_0026\NYU_bedroom_0026_2.png,\NYU\NYU_bedroom_0026\NYU_bedroom_0026_4.png
\tv_human_interactions_videos\kiss_0005\TV_kiss_0005_002.png,\tv_human_interactions_videos\kiss_0005\TV_kiss_0005_017.png
\European_flood_dataset\147\EF_147_26576859.jpg,\European_flood_dataset\147\EF_147_26576864.jpg
\OPEED\2\OP_2_621.png,\OPEED\2\OP_2_623.png
\European_flood_dataset\184\EF_184_26897484.jpg,\European_flood_dataset\184\EF_184_26897485.jpg
\European_flood_dataset\159\EF_159_26593972.jpg,\European_flood_dataset\159\EF_159_26593973.jpg
\NYU\NYU_living_room_0086\NYU_living_room_0086_4.png,\NYU\NYU_living_room_0086\NYU_living_room_0086_5.png
\tv_human_interactions_videos\highFive_0038\TV_highFive_0038_001.png,\tv_human_interactions_videos\highFive_0038\TV_highFive_0038_005.png
\European_flood_dataset\202\EF_202_27216862.jpg,\European_flood_dataset\202\EF_202_27216865.jpg
\European_flood_dataset\58\EF_58_26471004.jpg,\European_flood_dataset\58\EF_58_26471027.jpg
\RAGHAVENDER_SAHDEV_place_recognition\12\RSp_12_Lplace_TWO_17h52m14sLimg270.png,\RAGHAVENDER_SAHDEV_place_recognition\12\RSp_12_Lplace_TWO_17h52m18sLimg284.png
\NYU\NYU_classroom_0026\NYU_classroom_0026_1.png,\NYU\NYU_classroom_0026\NYU_classroom_0026_2.png
\European_flood_dataset\184\EF_184_26897485.jpg,\European_flood_dataset\184\EF_184_26897488.jpg
\NYU\NYU_kitchen_0053\NYU_kitchen_0053_4.png,\NYU\NYU_kitchen_0053\NYU_kitchen_0053_5.png
\NYU\NYU_bedroom_0031\NYU_bedroom_0031_1.png,\NYU\NYU_bedroom_0031\NYU_bedroom_0031_3.png
\NYU\NYU_bedroom_0048\NYU_bedroom_0048_3.png,\NYU\NYU_bedroom_0048\NYU_bedroom_0048_5.png
\NYU\NYU_classroom_0022\NYU_classroom_0022_1.png,\NYU\NYU_classroom_0022\NYU_classroom_0022_4.png
\NYU\NYU_dining_room_0034\NYU_dining_room_0034_3.png,\NYU\NYU_dining_room_0034\NYU_dining_room_0034_4.png
\NYU\NYU_kitchen_0052\NYU_kitchen_0052_4.png,\NYU\NYU_kitchen_0052\NYU_kitchen_0052_5.png
\European_flood_dataset\200\EF_200_27186562.jpg,\European_flood_dataset\200\EF_200_27186639.jpg
\tv_human_interactions_videos\handShake_0041\TV_handShake_0041_001.png,\tv_human_interactions_videos\handShake_0041\TV_handShake_0041_008.png
\European_flood_dataset\90\EF_90_26492602.jpg,\European_flood_dataset\90\EF_90_26492609.jpg
\NYU\NYU_office_0014\NYU_office_0014_2.png,\NYU\NYU_office_0014\NYU_office_0014_3.png
\NYU\NYU_home_office_0010\NYU_home_office_0010_1.png,\NYU\NYU_home_office_0010\NYU_home_office_0010_2.png
\MASATI\land\10\MAS_land_10_l0656.png,\MASATI\land\10\MAS_land_10_l0657.png
\NYU\NYU_bathroom_0043\NYU_bathroom_0043_1.png,\NYU\NYU_bathroom_0043\NYU_bathroom_0043_2.png
\NYU\NYU_kitchen_0022\NYU_kitchen_0022_1.png,\NYU\NYU_kitchen_0022\NYU_kitchen_0022_4.png
\NYU\NYU_kitchen_0053\NYU_kitchen_0053_2.png,\NYU\NYU_kitchen_0053\NYU_kitchen_0053_5.png
\RAGHAVENDER_SAHDEV_place_recognition\6\RSp_6_LoungeL9h45m40sLimg156.png,\RAGHAVENDER_SAHDEV_place_recognition\6\RSp_6_LoungeL9h45m41sLimg159.png
\NYU\NYU_laundry_room_0001\NYU_laundry_room_0001_2.png,\NYU\NYU_laundry_room_0001\NYU_laundry_room_0001_3.png
\RAGHAVENDER_SAHDEV_place_recognition\4\RSp_4_Lab2L8h51m36sLimg141.png,\RAGHAVENDER_SAHDEV_place_recognition\4\RSp_4_Lab2L8h52m13sLimg211.png
\European_flood_dataset\199\EF_199_27123203.jpg,\European_flood_dataset\199\EF_199_27123437.jpg
\NYU\NYU_kitchen_0059\NYU_kitchen_0059_2.png,\NYU\NYU_kitchen_0059\NYU_kitchen_0059_3.png
\NYU\NYU_dinette_0001\NYU_dinette_0001_2.png,\NYU\NYU_dinette_0001\NYU_dinette_0001_3.png
\NYU\NYU_living_room_0081\NYU_living_room_0081_2.png,\NYU\NYU_living_room_0081\NYU_living_room_0081_3.png
\NYU\NYU_kitchen_0052\NYU_kitchen_0052_1.png,\NYU\NYU_kitchen_0052\NYU_kitchen_0052_3.png
\tv_human_interactions_videos\highFive_0038\TV_highFive_0038_002.png,\tv_human_interactions_videos\highFive_0038\TV_highFive_0038_006.png
\tv_human_interactions_videos\hug_0038\TV_hug_0038_003.png,\tv_human_interactions_videos\hug_0038\TV_hug_0038_014.png
\NYU\NYU_home_storage_0001\NYU_home_storage_0001_2.png,\NYU\NYU_home_storage_0001\NYU_home_storage_0001_3.png
\tv_human_interactions_videos\handShake_0044\TV_handShake_0044_010.png,\tv_human_interactions_videos\handShake_0044\TV_handShake_0044_012.png
\NYU\NYU_dining_room_0029\NYU_dining_room_0029_3.png,\NYU\NYU_dining_room_0029\NYU_dining_room_0029_4.png
\European_flood_dataset\216\EF_216_29650092.jpg,\European_flood_dataset\216\EF_216_29650112.jpg
\European_flood_dataset\68\EF_68_26474970.jpg,\European_flood_dataset\68\EF_68_26474994.jpg
\NYU\NYU_bedroom_0134\NYU_bedroom_0134_2.png,\NYU\NYU_bedroom_0134\NYU_bedroom_0134_3.png
\European_flood_dataset\200\EF_200_27186017.jpg,\European_flood_dataset\200\EF_200_27186562.jpg
\NYU\NYU_bedroom_0052\NYU_bedroom_0052_2.png,\NYU\NYU_bedroom_0052\NYU_bedroom_0052_3.png
\European_flood_dataset\201\EF_201_27187050.jpg,\European_flood_dataset\201\EF_201_27187067.jpg
\NYU\NYU_kitchen_0033\NYU_kitchen_0033_2.png,\NYU\NYU_kitchen_0033\NYU_kitchen_0033_5.png
\tv_human_interactions_videos\kiss_0037\TV_kiss_0037_005.png,\tv_human_interactions_videos\kiss_0037\TV_kiss_0037_023.png
\RAGHAVENDER_SAHDEV_place_recognition\6\RSp_6_LoungeL9h46m25sLimg307.png,\RAGHAVENDER_SAHDEV_place_recognition\6\RSp_6_LoungeL9h46m30sLimg326.png
\European_flood_dataset\127\EF_127_26540917.jpg,\European_flood_dataset\127\EF_127_26540928.jpg
\European_flood_dataset\199\EF_199_27151233.jpg,\European_flood_dataset\199\EF_199_27151899.jpg
\European_flood_dataset\230\EF_230_pollution_34.jpg,\European_flood_dataset\230\EF_230_pollution_40.jpg
\European_flood_dataset\174\EF_174_26784802.jpg,\European_flood_dataset\174\EF_174_26785171.jpg
\RAGHAVENDER_SAHDEV_place_recognition\2\RSp_2_AshRoomL18h8m24sLimg130.png,\RAGHAVENDER_SAHDEV_place_recognition\2\RSp_2_AshRoomL18h8m30sLimg152.png
\European_flood_dataset\227\EF_227_56535786.jpg,\European_flood_dataset\227\EF_227_56538872.jpg
\RAGHAVENDER_SAHDEV_place_recognition\9\RSp_9_Lplace_ONE_15h39m35sLimg127.png,\RAGHAVENDER_SAHDEV_place_recognition\9\RSp_9_Lplace_ONE_15h39m51sLimg194.png
\European_flood_dataset\158\EF_158_26583347.jpg,\European_flood_dataset\158\EF_158_26583358.jpg
\OPEED\2\OP_2_636.png,\OPEED\2\OP_2_638.png
\European_flood_dataset\160\EF_160_26594013.jpg,\European_flood_dataset\160\EF_160_26594014.jpg
\tv_human_interactions_videos\hug_0014\TV_hug_0014_045.png,\tv_human_interactions_videos\hug_0014\TV_hug_0014_060.png
\NYU\NYU_bedroom_0119\NYU_bedroom_0119_1.png,\NYU\NYU_bedroom_0119\NYU_bedroom_0119_2.png
\European_flood_dataset\169\EF_169_26727616.jpg,\European_flood_dataset\169\EF_169_26727631.jpg
\NYU\NYU_office_0011\NYU_office_0011_3.png,\NYU\NYU_office_0011\NYU_office_0011_4.png
\NYU\NYU_home_office_0001\NYU_home_office_0001_2.png,\NYU\NYU_home_office_0001\NYU_home_office_0001_3.png
\NYU\NYU_classroom_0022\NYU_classroom_0022_2.png,\NYU\NYU_classroom_0022\NYU_classroom_0022_4.png
\European_flood_dataset\81\EF_81_26491847.jpg,\European_flood_dataset\81\EF_81_26491864.jpg
\NYU\NYU_kitchen_0035\NYU_kitchen_0035_2.png,\NYU\NYU_kitchen_0035\NYU_kitchen_0035_4.png
\tv_human_interactions_videos\highFive_0017\TV_highFive_0017_001.png,\tv_human_interactions_videos\highFive_0017\TV_highFive_0017_011.png
\European_flood_dataset\93\EF_93_26493887.jpg,\European_flood_dataset\93\EF_93_26493889.jpg
\NYU\NYU_bedroom_0054\NYU_bedroom_0054_1.png,\NYU\NYU_bedroom_0054\NYU_bedroom_0054_3.png
\European_flood_dataset\79\EF_79_26491420.jpg,\European_flood_dataset\79\EF_79_26491452.jpg
\NYU\NYU_bedroom_0134\NYU_bedroom_0134_1.png,\NYU\NYU_bedroom_0134\NYU_bedroom_0134_3.png
\European_flood_dataset\72\EF_72_26476460.jpg,\European_flood_dataset\72\EF_72_26476463.jpg
\tv_human_interactions_videos\kiss_0005\TV_kiss_0005_003.png,\tv_human_interactions_videos\kiss_0005\TV_kiss_0005_018.png
\NYU\NYU_dining_room_0015\NYU_dining_room_0015_2.png,\NYU\NYU_dining_room_0015\NYU_dining_room_0015_3.png
\European_flood_dataset\78\EF_78_26491373.jpg,\European_flood_dataset\78\EF_78_26491381.jpg
\tv_human_interactions_videos\kiss_0037\TV_kiss_0037_003.png,\tv_human_interactions_videos\kiss_0037\TV_kiss_0037_018.png
\tv_human_interactions_videos\highFive_0042\TV_highFive_0042_003.png,\tv_human_interactions_videos\highFive_0042\TV_highFive_0042_010.png
\European_flood_dataset\206\EF_206_27766746.jpg,\European_flood_dataset\206\EF_206_27766747.jpg
\European_flood_dataset\141\EF_141_26570553.jpg,\European_flood_dataset\141\EF_141_26570555.jpg
\NYU\NYU_bedroom_0063\NYU_bedroom_0063_1.png,\NYU\NYU_bedroom_0063\NYU_bedroom_0063_3.png
\MASATI\coast\38\MAS_coast_38_c0556.png,\MASATI\coast\38\MAS_coast_38_c0557.png
\NYU\NYU_furniture_store_0001\NYU_furniture_store_0001_3.png,\NYU\NYU_furniture_store_0001\NYU_furniture_store_0001_5.png
\European_flood_dataset\208\EF_208_27874598.jpg,\European_flood_dataset\208\EF_208_27874737.jpg
\European_flood_dataset\222\EF_222_56506221.jpg,\European_flood_dataset\222\EF_222_56506239.jpg
\European_flood_dataset\126\EF_126_26541077.jpg,\European_flood_dataset\126\EF_126_26541078.jpg
\European_flood_dataset\148\EF_148_26576863.jpg,\European_flood_dataset\148\EF_148_26576866.jpg
\NYU\NYU_dining_room_0018\NYU_dining_room_0018_1.png,\NYU\NYU_dining_room_0018\NYU_dining_room_0018_4.png
\NYU\NYU_bedroom_0055\NYU_bedroom_0055_1.png,\NYU\NYU_bedroom_0055\NYU_bedroom_0055_2.png
\RAGHAVENDER_SAHDEV_place_recognition\12\RSp_12_Lplace_TWO_17h52m18sLimg287.png,\RAGHAVENDER_SAHDEV_place_recognition\12\RSp_12_Lplace_TWO_17h52m19sLimg291.png
\NYU\NYU_bedroom_0106\NYU_bedroom_0106_2.png,\NYU\NYU_bedroom_0106\NYU_bedroom_0106_3.png
\NYU\NYU_classroom_0023\NYU_classroom_0023_3.png,\NYU\NYU_classroom_0023\NYU_classroom_0023_4.png
\NYU\NYU_bathroom_0058\NYU_bathroom_0058_2.png,\NYU\NYU_bathroom_0058\NYU_bathroom_0058_3.png
\NYU\NYU_home_office_0009\NYU_home_office_0009_1.png,\NYU\NYU_home_office_0009\NYU_home_office_0009_2.png
\NYU\NYU_kitchen_0059\NYU_kitchen_0059_1.png,\NYU\NYU_kitchen_0059\NYU_kitchen_0059_3.png
\RAGHAVENDER_SAHDEV_place_recognition\14\RSp_14_SemRoomL17h33m19sLimg3.png,\RAGHAVENDER_SAHDEV_place_recognition\14\RSp_14_SemRoomL17h33m32sLimg45.png
\European_flood_dataset\62\EF_62_26471529.jpg,\European_flood_dataset\62\EF_62_26471569.jpg
\European_flood_dataset\40\EF_40_26468156.jpg,\European_flood_dataset\40\EF_40_26468191.jpg
\European_flood_dataset\11\EF_11_26458613.jpg,\European_flood_dataset\11\EF_11_26458736.jpg
\NYU\NYU_bedroom_0107\NYU_bedroom_0107_2.png,\NYU\NYU_bedroom_0107\NYU_bedroom_0107_3.png
\NYU\NYU_kitchen_0054\NYU_kitchen_0054_2.png,\NYU\NYU_kitchen_0054\NYU_kitchen_0054_3.png
\European_flood_dataset\110\EF_110_26504256.jpg,\European_flood_dataset\110\EF_110_26504260.jpg
\NYU\NYU_computer_lab_0001\NYU_computer_lab_0001_1.png,\NYU\NYU_computer_lab_0001\NYU_computer_lab_0001_2.png
\NYU\NYU_living_room_0062\NYU_living_room_0062_1.png,\NYU\NYU_living_room_0062\NYU_living_room_0062_2.png
\NYU\NYU_reception_room_0002\NYU_reception_room_0002_3.png,\NYU\NYU_reception_room_0002\NYU_reception_room_0002_4.png
\NYU\NYU_bedroom_0124\NYU_bedroom_0124_1.png,\NYU\NYU_bedroom_0124\NYU_bedroom_0124_2.png
\tv_human_interactions_videos\hug_0013\TV_hug_0013_004.png,\tv_human_interactions_videos\hug_0013\TV_hug_0013_019.png
\NYU\NYU_bedroom_0054\NYU_bedroom_0054_1.png,\NYU\NYU_bedroom_0054\NYU_bedroom_0054_2.png
\RAGHAVENDER_SAHDEV_place_recognition\11\RSp_11_Lplace_THREE_9.png,\RAGHAVENDER_SAHDEV_place_recognition\11\RSp_11_Lplace_THREE_22.png
\NYU\NYU_bathroom_0029\NYU_bathroom_0029_1.png,\NYU\NYU_bathroom_0029\NYU_bathroom_0029_2.png
\NYU\NYU_office_kitchen_0001\NYU_office_kitchen_0001_2.png,\NYU\NYU_office_kitchen_0001\NYU_office_kitchen_0001_3.png
\RAGHAVENDER_SAHDEV_place_recognition\9\RSp_9_Lplace_ONE_15h39m6sLimg1.png,\RAGHAVENDER_SAHDEV_place_recognition\9\RSp_9_Lplace_ONE_15h39m24sLimg78.png
\tv_human_interactions_videos\hug_0005\TV_hug_0005_015.png,\tv_human_interactions_videos\hug_0005\TV_hug_0005_020.png
\NYU\NYU_living_room_0047\NYU_living_room_0047_2.png,\NYU\NYU_living_room_0047\NYU_living_room_0047_4.png
\European_flood_dataset\184\EF_184_26897471.jpg,\European_flood_dataset\184\EF_184_26897477.jpg
\European_flood_dataset\218\EF_218_29650280.jpg,\European_flood_dataset\218\EF_218_29650339.jpg
\NYU\NYU_office_0022\NYU_office_0022_1.png,\NYU\NYU_office_0022\NYU_office_0022_4.png
\NYU\NYU_office_0024\NYU_office_0024_1.png,\NYU\NYU_office_0024\NYU_office_0024_2.png
\tv_human_interactions_videos\hug_0005\TV_hug_0005_009.png,\tv_human_interactions_videos\hug_0005\TV_hug_0005_030.png
\NYU\NYU_office_0004\NYU_office_0004_2.png,\NYU\NYU_office_0004\NYU_office_0004_3.png
\European_flood_dataset\199\EF_199_27148922.jpg,\European_flood_dataset\199\EF_199_27151233.jpg
\NYU\NYU_living_room_0047\NYU_living_room_0047_1.png,\NYU\NYU_living_room_0047\NYU_living_room_0047_4.png
\NYU\NYU_bedroom_0013\NYU_bedroom_0013_4.png,\NYU\NYU_bedroom_0013\NYU_bedroom_0013_5.png
\European_flood_dataset\188\EF_188_26897928.jpg,\European_flood_dataset\188\EF_188_26897929.jpg
\NYU\NYU_office_0019\NYU_office_0019_1.png,\NYU\NYU_office_0019\NYU_office_0019_2.png
\European_flood_dataset\201\EF_201_27187067.jpg,\European_flood_dataset\201\EF_201_27187082.jpg
\NYU\NYU_bedroom_0071\NYU_bedroom_0071_2.png,\NYU\NYU_bedroom_0071\NYU_bedroom_0071_3.png
\tv_human_interactions_videos\highFive_0040\TV_highFive_0040_008.png,\tv_human_interactions_videos\highFive_0040\TV_highFive_0040_013.png
\Trimbot\uvc_camera_cam_0\TRI_uvc_camera_cam_0_f00150_undist.png,\Trimbot\uvc_camera_cam_0\TRI_uvc_camera_cam_0_f00340_undist.png
\tv_human_interactions_videos\handShake_0044\TV_handShake_0044_009.png,\tv_human_interactions_videos\handShake_0044\TV_handShake_0044_011.png
\European_flood_dataset\43\EF_43_26468525.jpg,\European_flood_dataset\43\EF_43_26468544.jpg
\tv_human_interactions_videos\negative_0028\TV_negative_0028_004.png,\tv_human_interactions_videos\negative_0028\TV_negative_0028_024.png
\tv_human_interactions_videos\handShake_0041\TV_handShake_0041_002.png,\tv_human_interactions_videos\handShake_0041\TV_handShake_0041_009.png
\tv_human_interactions_videos\hug_0013\TV_hug_0013_005.png,\tv_human_interactions_videos\hug_0013\TV_hug_0013_020.png
\NYU\NYU_dining_room_0020\NYU_dining_room_0020_1.png,\NYU\NYU_dining_room_0020\NYU_dining_room_0020_2.png
\NYU\NYU_kitchen_0025\NYU_kitchen_0025_1.png,\NYU\NYU_kitchen_0025\NYU_kitchen_0025_2.png
\European_flood_dataset\221\EF_221_29872550.jpg,\European_flood_dataset\221\EF_221_29872583.jpg
\NYU\NYU_bedroom_0086\NYU_bedroom_0086_1.png,\NYU\NYU_bedroom_0086\NYU_bedroom_0086_2.png
\NYU\NYU_classroom_0009\NYU_classroom_0009_1.png,\NYU\NYU_classroom_0009\NYU_classroom_0009_2.png
\NYU\NYU_bedroom_0100\NYU_bedroom_0100_2.png,\NYU\NYU_bedroom_0100\NYU_bedroom_0100_3.png
\tv_human_interactions_videos\kiss_0003\TV_kiss_0003_008.png,\tv_human_interactions_videos\kiss_0003\TV_kiss_0003_023.png
\NYU\NYU_kitchen_0003\NYU_kitchen_0003_1.png,\NYU\NYU_kitchen_0003\NYU_kitchen_0003_3.png
\RAGHAVENDER_SAHDEV_place_recognition\2\RSp_2_AshRoomL18h7m54sLimg17.png,\RAGHAVENDER_SAHDEV_place_recognition\2\RSp_2_AshRoomL18h7m59sLimg38.png
\NYU\NYU_living_room_0057\NYU_living_room_0057_1.png,\NYU\NYU_living_room_0057\NYU_living_room_0057_2.png
\NYU\NYU_home_office_0006\NYU_home_office_0006_2.png,\NYU\NYU_home_office_0006\NYU_home_office_0006_4.png
\NYU\NYU_office_0022\NYU_office_0022_2.png,\NYU\NYU_office_0022\NYU_office_0022_3.png
\NYU\NYU_living_room_0048\NYU_living_room_0048_1.png,\NYU\NYU_living_room_0048\NYU_living_room_0048_2.png
\MASATI\land\1\MAS_land_1_l0182.png,\MASATI\land\1\MAS_land_1_l0183.png
\tv_human_interactions_videos\hug_0005\TV_hug_0005_008.png,\tv_human_interactions_videos\hug_0005\TV_hug_0005_029.png
\MASATI\coast\39\MAS_coast_39_c0570.png,\MASATI\coast\39\MAS_coast_39_c0571.png
\NYU\NYU_living_room_0081\NYU_living_room_0081_1.png,\NYU\NYU_living_room_0081\NYU_living_room_0081_4.png
\European_flood_dataset\120\EF_120_26533835.jpg,\European_flood_dataset\120\EF_120_26533841.jpg
\NYU\NYU_study_0001\NYU_study_0001_2.png,\NYU\NYU_study_0001\NYU_study_0001_3.png
\European_flood_dataset\167\EF_167_26727528.jpg,\European_flood_dataset\167\EF_167_26727541.jpg
\NYU\NYU_office_kitchen_0001\NYU_office_kitchen_0001_1.png,\NYU\NYU_office_kitchen_0001\NYU_office_kitchen_0001_3.png
\NYU\NYU_bathroom_0051\NYU_bathroom_0051_1.png,\NYU\NYU_bathroom_0051\NYU_bathroom_0051_3.png
\European_flood_dataset\65\EF_65_26471925.jpg,\European_flood_dataset\65\EF_65_26471976.jpg
\NYU\NYU_classroom_0022\NYU_classroom_0022_1.png,\NYU\NYU_classroom_0022\NYU_classroom_0022_2.png
\NYU\NYU_bedroom_0059\NYU_bedroom_0059_2.png,\NYU\NYU_bedroom_0059\NYU_bedroom_0059_3.png
\NYU\NYU_bedroom_0136\NYU_bedroom_0136_1.png,\NYU\NYU_bedroom_0136\NYU_bedroom_0136_4.png
\NYU\NYU_dining_room_0038\NYU_dining_room_0038_2.png,\NYU\NYU_dining_room_0038\NYU_dining_room_0038_3.png
\NYU\NYU_living_room_0051\NYU_living_room_0051_4.png,\NYU\NYU_living_room_0051\NYU_living_room_0051_3.png
\European_flood_dataset\89\EF_89_26492441.jpg,\European_flood_dataset\89\EF_89_26492471.jpg
\NYU\NYU_dining_room_0008\NYU_dining_room_0008_1.png,\NYU\NYU_dining_room_0008\NYU_dining_room_0008_3.png
\European_flood_dataset\194\EF_194_27056611.jpg,\European_flood_dataset\194\EF_194_27056612.jpg
\tv_human_interactions_videos\hug_0005\TV_hug_0005_013.png,\tv_human_interactions_videos\hug_0005\TV_hug_0005_018.png
\European_flood_dataset\157\EF_157_26583333.jpg,\European_flood_dataset\157\EF_157_26583338.jpg
\European_flood_dataset\102\EF_102_26503072.jpg,\European_flood_dataset\102\EF_102_26503074.jpg
\European_flood_dataset\175\EF_175_26817179.jpg,\European_flood_dataset\175\EF_175_26817203.jpg
\NYU\NYU_home_office_0005\NYU_home_office_0005_2.png,\NYU\NYU_home_office_0005\NYU_home_office_0005_4.png
\tv_human_interactions_videos\hug_0007\TV_hug_0007_002.png,\tv_human_interactions_videos\hug_0007\TV_hug_0007_027.png
\NYU\NYU_living_room_0078\NYU_living_room_0078_1.png,\NYU\NYU_living_room_0078\NYU_living_room_0078_2.png
\NYU\NYU_kitchen_0052\NYU_kitchen_0052_2.png,\NYU\NYU_kitchen_0052\NYU_kitchen_0052_5.png
\NYU\NYU_dining_room_0031\NYU_dining_room_0031_2.png,\NYU\NYU_dining_room_0031\NYU_dining_room_0031_5.png
\RAGHAVENDER_SAHDEV_place_recognition\3\RSp_3_CorridorL19h6m59sLimg93.png,\RAGHAVENDER_SAHDEV_place_recognition\3\RSp_3_CorridorL19h7m2sLimg99.png
\MASATI\coast\10\MAS_coast_10_c0097.png,\MASATI\coast\10\MAS_coast_10_c0098.png
\RAGHAVENDER_SAHDEV_place_recognition\4\RSp_4_Lab2L8h51m8sLimg87.png,\RAGHAVENDER_SAHDEV_place_recognition\4\RSp_4_Lab2L8h51m9sLimg90.png
\European_flood_dataset\184\EF_184_26897471.jpg,\European_flood_dataset\184\EF_184_26897480.jpg
\NYU\NYU_bedroom_0031\NYU_bedroom_0031_2.png,\NYU\NYU_bedroom_0031\NYU_bedroom_0031_3.png
\RAGHAVENDER_SAHDEV_place_recognition\3\RSp_3_CorridorL19h32m35sLimg45.png,\RAGHAVENDER_SAHDEV_place_recognition\3\RSp_3_CorridorL19h32m39sLimg57.png
\European_flood_dataset\167\EF_167_26727531.jpg,\European_flood_dataset\167\EF_167_26727541.jpg
\NYU\NYU_bathroom_0041\NYU_bathroom_0041_1.png,\NYU\NYU_bathroom_0041\NYU_bathroom_0041_3.png
\NYU\NYU_bedroom_0041\NYU_bedroom_0041_2.png,\NYU\NYU_bedroom_0041\NYU_bedroom_0041_3.png
\NYU\NYU_home_storage_0001\NYU_home_storage_0001_3.png,\NYU\NYU_home_storage_0001\NYU_home_storage_0001_4.png
\European_flood_dataset\190\EF_190_26898028.jpg,\European_flood_dataset\190\EF_190_26898140.jpg
\European_flood_dataset\112\EF_112_26505384.jpg,\European_flood_dataset\112\EF_112_26505547.jpg
\tv_human_interactions_videos\hug_0001\TV_hug_0001_003.png,\tv_human_interactions_videos\hug_0001\TV_hug_0001_013.png
\European_flood_dataset\54\EF_54_26470696.jpg,\European_flood_dataset\54\EF_54_26470775.jpg
\NYU\NYU_bedroom_0052\NYU_bedroom_0052_1.png,\NYU\NYU_bedroom_0052\NYU_bedroom_0052_2.png
\NYU\NYU_bookstore_0001\NYU_bookstore_0001_4.png,\NYU\NYU_bookstore_0001\NYU_bookstore_0001_6.png
\RAGHAVENDER_SAHDEV_place_recognition\6\RSp_6_LoungeL9h45m44sLimg170.png,\RAGHAVENDER_SAHDEV_place_recognition\6\RSp_6_LoungeL9h45m56sLimg209.png
\European_flood_dataset\169\EF_169_26727638.jpg,\European_flood_dataset\169\EF_169_26727650.jpg
\tv_human_interactions_videos\negative_0028\TV_negative_0028_002.png,\tv_human_interactions_videos\negative_0028\TV_negative_0028_022.png
\NYU\NYU_bathroom_0010\NYU_bathroom_0010_1.png,\NYU\NYU_bathroom_0010\NYU_bathroom_0010_2.png
\NYU\NYU_home_office_0011\NYU_home_office_0011_3.png,\NYU\NYU_home_office_0011\NYU_home_office_0011_4.png
\European_flood_dataset\36\EF_36_26467817.jpg,\European_flood_dataset\36\EF_36_26467836.jpg
\NYU\NYU_dining_room_0036\NYU_dining_room_0036_4.png,\NYU\NYU_dining_room_0036\NYU_dining_room_0036_6.png
\NYU\NYU_home_office_0006\NYU_home_office_0006_1.png,\NYU\NYU_home_office_0006\NYU_home_office_0006_2.png
\MASATI\coast\5\MAS_coast_5_c0050.png,\MASATI\coast\5\MAS_coast_5_c0051.png
\RAGHAVENDER_SAHDEV_place_recognition\13\RSp_13_PlantRoomL8h52m1sLimg188.png,\RAGHAVENDER_SAHDEV_place_recognition\13\RSp_13_PlantRoomL8h52m8sLimg203.png
\NYU\NYU_student_lounge_0001\NYU_student_lounge_0001_1.png,\NYU\NYU_student_lounge_0001\NYU_student_lounge_0001_2.png
\NYU\NYU_home_office_0013\NYU_home_office_0013_1.png,\NYU\NYU_home_office_0013\NYU_home_office_0013_2.png
\tv_human_interactions_videos\highFive_0042\TV_highFive_0042_004.png,\tv_human_interactions_videos\highFive_0042\TV_highFive_0042_011.png
\NYU\NYU_living_room_0033\NYU_living_room_0033_1.png,\NYU\NYU_living_room_0033\NYU_living_room_0033_2.png
\tv_human_interactions_videos\kiss_0003\TV_kiss_0003_010.png,\tv_human_interactions_videos\kiss_0003\TV_kiss_0003_025.png
\NYU\NYU_bathroom_0018\NYU_bathroom_0018_1.png,\NYU\NYU_bathroom_0018\NYU_bathroom_0018_2.png
\European_flood_dataset\140\EF_140_26569928.jpg,\European_flood_dataset\140\EF_140_26569960.jpg
\European_flood_dataset\157\EF_157_26583333.jpg,\European_flood_dataset\157\EF_157_26583339.jpg
\tv_human_interactions_videos\highFive_0043\TV_highFive_0043_004.png,\tv_human_interactions_videos\highFive_0043\TV_highFive_0043_011.png
\tv_human_interactions_videos\highFive_0043\TV_highFive_0043_002.png,\tv_human_interactions_videos\highFive_0043\TV_highFive_0043_009.png
\European_flood_dataset\169\EF_169_26727633.jpg,\European_flood_dataset\169\EF_169_26727650.jpg
\NYU\NYU_dining_room_0031\NYU_dining_room_0031_2.png,\NYU\NYU_dining_room_0031\NYU_dining_room_0031_4.png
\RAGHAVENDER_SAHDEV_place_recognition\9\RSp_9_Lplace_ONE_15h40m27sLimg353.png,\RAGHAVENDER_SAHDEV_place_recognition\9\RSp_9_Lplace_ONE_15h40m30sLimg368.png
\NYU\NYU_kitchen_0022\NYU_kitchen_0022_1.png,\NYU\NYU_kitchen_0022\NYU_kitchen_0022_5.png
\NYU\NYU_bedroom_0092\NYU_bedroom_0092_1.png,\NYU\NYU_bedroom_0092\NYU_bedroom_0092_2.png
\European_flood_dataset\206\EF_206_27766747.jpg,\European_flood_dataset\206\EF_206_27766748.jpg
\NYU\NYU_living_room_0062\NYU_living_room_0062_1.png,\NYU\NYU_living_room_0062\NYU_living_room_0062_3.png
\tv_human_interactions_videos\kiss_0005\TV_kiss_0005_001.png,\tv_human_interactions_videos\kiss_0005\TV_kiss_0005_016.png
\NYU\NYU_dining_room_0012\NYU_dining_room_0012_1.png,\NYU\NYU_dining_room_0012\NYU_dining_room_0012_2.png
\NYU\NYU_bathroom_0020\NYU_bathroom_0020_1.png,\NYU\NYU_bathroom_0020\NYU_bathroom_0020_2.png
\NYU\NYU_laundry_room_0001\NYU_laundry_room_0001_1.png,\NYU\NYU_laundry_room_0001\NYU_laundry_room_0001_2.png
\European_flood_dataset\160\EF_160_26594013.jpg,\European_flood_dataset\160\EF_160_26594020.jpg
\NYU\NYU_bedroom_0006\NYU_bedroom_0006_2.png,\NYU\NYU_bedroom_0006\NYU_bedroom_0006_3.png
\tv_human_interactions_videos\negative_0028\TV_negative_0028_001.png,\tv_human_interactions_videos\negative_0028\TV_negative_0028_021.png
\European_flood_dataset\23\EF_23_26461786.jpg,\European_flood_dataset\23\EF_23_26461792.jpg
\tv_human_interactions_videos\hug_0007\TV_hug_0007_001.png,\tv_human_interactions_videos\hug_0007\TV_hug_0007_026.png
\NYU\NYU_bathroom_0060\NYU_bathroom_0060_1.png,\NYU\NYU_bathroom_0060\NYU_bathroom_0060_2.png
\NYU\NYU_bedroom_0078\NYU_bedroom_0078_1.png,\NYU\NYU_bedroom_0078\NYU_bedroom_0078_2.png
\Trimbot\uvc_camera_cam_2\TRI_uvc_camera_cam_2_f01300_undist.png,\Trimbot\uvc_camera_cam_2\TRI_uvc_camera_cam_2_f01460_undist.png
\NYU\NYU_bedroom_0106\NYU_bedroom_0106_1.png,\NYU\NYU_bedroom_0106\NYU_bedroom_0106_3.png
\European_flood_dataset\221\EF_221_29872566.jpg,\European_flood_dataset\221\EF_221_29872583.jpg
\NYU\NYU_home_office_0007\NYU_home_office_0007_1.png,\NYU\NYU_home_office_0007\NYU_home_office_0007_2.png
\tv_human_interactions_videos\hug_0007\TV_hug_0007_005.png,\tv_human_interactions_videos\hug_0007\TV_hug_0007_030.png
\NYU\NYU_classroom_0006\NYU_classroom_0006_1.png,\NYU\NYU_classroom_0006\NYU_classroom_0006_3.png
\NYU\NYU_bedroom_0069\NYU_bedroom_0069_1.png,\NYU\NYU_bedroom_0069\NYU_bedroom_0069_2.png
\NYU\NYU_conference_room_0001\NYU_conference_room_0001_2.png,\NYU\NYU_conference_room_0001\NYU_conference_room_0001_3.png
\NYU\NYU_bedroom_0048\NYU_bedroom_0048_2.png,\NYU\NYU_bedroom_0048\NYU_bedroom_0048_3.png
\tv_human_interactions_videos\hug_0013\TV_hug_0013_001.png,\tv_human_interactions_videos\hug_0013\TV_hug_0013_016.png
\RAGHAVENDER_SAHDEV_place_recognition\16\RSp_16_WorkPlaceL18h7m53sLimg13.png,\RAGHAVENDER_SAHDEV_place_recognition\16\RSp_16_WorkPlaceL18h9m5sLimg285.png
\NYU\NYU_home_office_0010\NYU_home_office_0010_2.png,\NYU\NYU_home_office_0010\NYU_home_office_0010_4.png
\European_flood_dataset\145\EF_145_26576846.jpg,\European_flood_dataset\145\EF_145_26576851.jpg
\NYU\NYU_bathroom_0031\NYU_bathroom_0031_1.png,\NYU\NYU_bathroom_0031\NYU_bathroom_0031_3.png
\Mendeley\Faculty_of_Engineering_parking_lot\MEN_FacultyOfAEngineeringParkingLot_imagem_045.png,\Mendeley\Faculty_of_Engineering_parking_lot\MEN_FacultyOfAEngineeringParkingLot_imagem_046.png
\RAGHAVENDER_SAHDEV_place_recognition\11\RSp_11_Lplace_THREE_452.png,\RAGHAVENDER_SAHDEV_place_recognition\11\RSp_11_Lplace_THREE_467.png
\RAGHAVENDER_SAHDEV_place_recognition\12\RSp_12_Lplace_TWO_17h51m33sLimg89.png,\RAGHAVENDER_SAHDEV_place_recognition\12\RSp_12_Lplace_TWO_17h51m35sLimg97.png
\European_flood_dataset\188\EF_188_26897926.jpg,\European_flood_dataset\188\EF_188_26897928.jpg
\NYU\NYU_kitchen_0007\NYU_kitchen_0007_1.png,\NYU\NYU_kitchen_0007\NYU_kitchen_0007_4.png
\European_flood_dataset\49\EF_49_26470105.jpg,\European_flood_dataset\49\EF_49_26470146.jpg
\European_flood_dataset\203\EF_203_27285906.jpg,\European_flood_dataset\203\EF_203_27340849.jpg
\tv_human_interactions_videos\kiss_0037\TV_kiss_0037_002.png,\tv_human_interactions_videos\kiss_0037\TV_kiss_0037_017.png
\NYU\NYU_bedroom_0107\NYU_bedroom_0107_1.png,\NYU\NYU_bedroom_0107\NYU_bedroom_0107_2.png
\NYU\NYU_office_0014\NYU_office_0014_1.png,\NYU\NYU_office_0014\NYU_office_0014_2.png
\NYU\NYU_home_office_0006\NYU_home_office_0006_4.png,\NYU\NYU_home_office_0006\NYU_home_office_0006_5.png
\NYU\NYU_home_office_0002\NYU_home_office_0002_2.png,\NYU\NYU_home_office_0002\NYU_home_office_0002_3.png
\European_flood_dataset\134\EF_134_26547643.jpg,\European_flood_dataset\134\EF_134_26547770.jpg
\NYU\NYU_kitchen_0057\NYU_kitchen_0057_3.png,\NYU\NYU_kitchen_0057\NYU_kitchen_0057_4.png
\European_flood_dataset\59\EF_59_26471094.jpg,\European_flood_dataset\59\EF_59_26471103.jpg
\NYU\NYU_living_room_0052\NYU_living_room_0052_1.png,\NYU\NYU_living_room_0052\NYU_living_room_0052_2.png
\European_flood_dataset\188\EF_188_26897929.jpg,\European_flood_dataset\188\EF_188_26897931.jpg
\NYU\NYU_dining_room_0031\NYU_dining_room_0031_1.png,\NYU\NYU_dining_room_0031\NYU_dining_room_0031_4.png
\NYU\NYU_dining_room_0003\NYU_dining_room_0003_1.png,\NYU\NYU_dining_room_0003\NYU_dining_room_0003_3.png
\European_flood_dataset\126\EF_126_26540924.jpg,\European_flood_dataset\126\EF_126_26541078.jpg
\European_flood_dataset\182\EF_182_26897355.jpg,\European_flood_dataset\182\EF_182_26897364.jpg
\RAGHAVENDER_SAHDEV_place_recognition\16\RSp_16_WorkPlaceL18h54m50sLimg135.png,\RAGHAVENDER_SAHDEV_place_recognition\16\RSp_16_WorkPlaceL18h54m58sLimg161.png
\tv_human_interactions_videos\hug_0005\TV_hug_0005_010.png,\tv_human_interactions_videos\hug_0005\TV_hug_0005_031.png
\Mendeley\Faculty_of_Engineering_parking_lot\MEN_FacultyOfAEngineeringParkingLot_imagem_038.png,\Mendeley\Faculty_of_Engineering_parking_lot\MEN_FacultyOfAEngineeringParkingLot_imagem_042.png
\NYU\NYU_office_0019\NYU_office_0019_2.png,\NYU\NYU_office_0019\NYU_office_0019_3.png
\NYU\NYU_bedroom_0108\NYU_bedroom_0108_2.png,\NYU\NYU_bedroom_0108\NYU_bedroom_0108_3.png
\tv_human_interactions_videos\hug_0014\TV_hug_0014_044.png,\tv_human_interactions_videos\hug_0014\TV_hug_0014_059.png
\NYU\NYU_dining_room_0004\NYU_dining_room_0004_1.png,\NYU\NYU_dining_room_0004\NYU_dining_room_0004_3.png
\European_flood_dataset\227\EF_227_56535737.jpg,\European_flood_dataset\227\EF_227_56555652.jpg
\NYU\NYU_bedroom_0032\NYU_bedroom_0032_1.png,\NYU\NYU_bedroom_0032\NYU_bedroom_0032_2.png
\NYU\NYU_classroom_0007\NYU_classroom_0007_1.png,\NYU\NYU_classroom_0007\NYU_classroom_0007_3.png
\NYU\NYU_classroom_0004\NYU_classroom_0004_1.png,\NYU\NYU_classroom_0004\NYU_classroom_0004_2.png
\tv_human_interactions_videos\hug_0038\TV_hug_0038_002.png,\tv_human_interactions_videos\hug_0038\TV_hug_0038_013.png
\NYU\NYU_living_room_0063\NYU_living_room_0063_1.png,\NYU\NYU_living_room_0063\NYU_living_room_0063_2.png
\NYU\NYU_living_room_0049\NYU_living_room_0049_1.png,\NYU\NYU_living_room_0049\NYU_living_room_0049_2.png
\NYU\NYU_living_room_0084\NYU_living_room_0084_1.png,\NYU\NYU_living_room_0084\NYU_living_room_0084_3.png
\European_flood_dataset\120\EF_120_26533835.jpg,\European_flood_dataset\120\EF_120_26533837.jpg
\European_flood_dataset\199\EF_199_27123437.jpg,\European_flood_dataset\199\EF_199_27148922.jpg
\NYU\NYU_bedroom_0080\NYU_bedroom_0080_1.png,\NYU\NYU_bedroom_0080\NYU_bedroom_0080_2.png
\OPEED\2\OP_2_982.png,\OPEED\2\OP_2_983.png
\NYU\NYU_classroom_0011\NYU_classroom_0011_1.png,\NYU\NYU_classroom_0011\NYU_classroom_0011_2.png
\European_flood_dataset\100\EF_100_26502599.jpg,\European_flood_dataset\100\EF_100_26502600.jpg
\NYU\NYU_dining_room_0024\NYU_dining_room_0024_1.png,\NYU\NYU_dining_room_0024\NYU_dining_room_0024_3.png
\NYU\NYU_kitchen_0033\NYU_kitchen_0033_1.png,\NYU\NYU_kitchen_0033\NYU_kitchen_0033_6.png
\OPEED\1\OP_1_246.png,\OPEED\1\OP_1_252.png
\NYU\NYU_bedroom_0048\NYU_bedroom_0048_2.png,\NYU\NYU_bedroom_0048\NYU_bedroom_0048_5.png
\NYU\NYU_kitchen_0051\NYU_kitchen_0051_4.png,\NYU\NYU_kitchen_0051\NYU_kitchen_0051_5.png
\RAGHAVENDER_SAHDEV_place_recognition\7\RSp_7_Lplace_FIVE_4h22m23sLimg141.png,\RAGHAVENDER_SAHDEV_place_recognition\7\RSp_7_Lplace_FIVE_4h22m28sLimg163.png
\NYU\NYU_dining_room_0036\NYU_dining_room_0036_1.png,\NYU\NYU_dining_room_0036\NYU_dining_room_0036_3.png
\European_flood_dataset\18\EF_18_26459842.jpg,\European_flood_dataset\18\EF_18_26459857.jpg
\European_flood_dataset\187\EF_187_26897923.jpg,\European_flood_dataset\187\EF_187_26897924.jpg
\RAGHAVENDER_SAHDEV_place_recognition\13\RSp_13_PlantRoomL8h51m39sLimg146.png,\RAGHAVENDER_SAHDEV_place_recognition\13\RSp_13_PlantRoomL8h51m48sLimg167.png
\European_flood_dataset\227\EF_227_56538872.jpg,\European_flood_dataset\227\EF_227_56555652.jpg
\European_flood_dataset\231\EF_231_pollution_63.jpg,\European_flood_dataset\231\EF_231_pollution_64.jpg
\European_flood_dataset\167\EF_167_26727528.jpg,\European_flood_dataset\167\EF_167_26727539.jpg
\NYU\NYU_kitchen_0052\NYU_kitchen_0052_3.png,\NYU\NYU_kitchen_0052\NYU_kitchen_0052_5.png
\NYU\NYU_bathroom_0051\NYU_bathroom_0051_2.png,\NYU\NYU_bathroom_0051\NYU_bathroom_0051_3.png
\European_flood_dataset\59\EF_59_26471087.jpg,\European_flood_dataset\59\EF_59_26471094.jpg
\OPEED\2\OP_2_687.png,\OPEED\2\OP_2_700.png
\European_flood_dataset\167\EF_167_26727539.jpg,\European_flood_dataset\167\EF_167_26727541.jpg
\MASATI\coastShip\14\MAS_coastShip_14_x0246.png,\MASATI\coastShip\14\MAS_coastShip_14_x0247.png
\NYU\NYU_kitchen_0033\NYU_kitchen_0033_2.png,\NYU\NYU_kitchen_0033\NYU_kitchen_0033_6.png
\European_flood_dataset\64\EF_64_26473278.jpg,\European_flood_dataset\64\EF_64_26473279.jpg
\NYU\NYU_kitchen_0057\NYU_kitchen_0057_2.png,\NYU\NYU_kitchen_0057\NYU_kitchen_0057_3.png
\OPEED\1\OP_1_122.png,\OPEED\1\OP_1_127.png
\OPEED\2\OP_2_947.png,\OPEED\2\OP_2_951.png
\NYU\NYU_office_0025\NYU_office_0025_1.png,\NYU\NYU_office_0025\NYU_office_0025_2.png
\European_flood_dataset\72\EF_72_26476460.jpg,\European_flood_dataset\72\EF_72_26476463.jpg
\European_flood_dataset\222\EF_222_56506221.jpg,\European_flood_dataset\222\EF_222_56506226.jpg
\European_flood_dataset\188\EF_188_26897926.jpg,\European_flood_dataset\188\EF_188_26897931.jpg
\European_flood_dataset\189\EF_189_26897914.jpg,\European_flood_dataset\189\EF_189_26898024.jpg
\European_flood_dataset\157\EF_157_26583338.jpg,\European_flood_dataset\157\EF_157_26583339.jpg
\NYU\NYU_living_room_0029\NYU_living_room_0029_1.png,\NYU\NYU_living_room_0029\NYU_living_room_0029_3.png
\NYU\NYU_kitchen_0019\NYU_kitchen_0019_1.png,\NYU\NYU_kitchen_0019\NYU_kitchen_0019_3.png
\tv_human_interactions_videos\hug_0041\TV_hug_0041_005.png,\tv_human_interactions_videos\hug_0041\TV_hug_0041_025.png
\NYU\NYU_bedroom_0110\NYU_bedroom_0110_1.png,\NYU\NYU_bedroom_0110\NYU_bedroom_0110_2.png
\Mendeley\Faculty_of_Engineering_parking_lot\MEN_FacultyOfAEngineeringParkingLot_imagem_001.png,\Mendeley\Faculty_of_Engineering_parking_lot\MEN_FacultyOfAEngineeringParkingLot_imagem_003.png
\NYU\NYU_dining_room_0037\NYU_dining_room_0037_2.png,\NYU\NYU_dining_room_0037\NYU_dining_room_0037_4.png
\European_flood_dataset\229\EF_229_60754143.jpg,\European_flood_dataset\229\EF_229_60754144.jpg
\Mendeley\Faculty_of_arts_and_design_I\MEN_FacultyOfArtsAndDesignI_imagem_036.png,\Mendeley\Faculty_of_arts_and_design_I\MEN_FacultyOfArtsAndDesignI_imagem_038.png
\NYU\NYU_living_room_0080\NYU_living_room_0080_2.png,\NYU\NYU_living_room_0080\NYU_living_room_0080_3.png
\NYU\NYU_dining_room_0028\NYU_dining_room_0028_1.png,\NYU\NYU_dining_room_0028\NYU_dining_room_0028_2.png
\tv_human_interactions_videos\kiss_0003\TV_kiss_0003_007.png,\tv_human_interactions_videos\kiss_0003\TV_kiss_0003_022.png
\NYU\NYU_dining_room_0036\NYU_dining_room_0036_5.png,\NYU\NYU_dining_room_0036\NYU_dining_room_0036_6.png
\NYU\NYU_playroom_0003\NYU_playroom_0003_2.png,\NYU\NYU_playroom_0003\NYU_playroom_0003_4.png
\NYU\NYU_bathroom_0019\NYU_bathroom_0019_1.png,\NYU\NYU_bathroom_0019\NYU_bathroom_0019_2.png
\NYU\NYU_bedroom_0108\NYU_bedroom_0108_1.png,\NYU\NYU_bedroom_0108\NYU_bedroom_0108_2.png
\NYU\NYU_kitchen_0033\NYU_kitchen_0033_1.png,\NYU\NYU_kitchen_0033\NYU_kitchen_0033_5.png
\NYU\NYU_dining_room_0036\NYU_dining_room_0036_2.png,\NYU\NYU_dining_room_0036\NYU_dining_room_0036_3.png
\tv_human_interactions_videos\hug_0005\TV_hug_0005_016.png,\tv_human_interactions_videos\hug_0005\TV_hug_0005_021.png
\European_flood_dataset\116\EF_116_26513966.jpg,\European_flood_dataset\116\EF_116_26513974.jpg
\NYU\NYU_bedroom_0087\NYU_bedroom_0087_2.png,\NYU\NYU_bedroom_0087\NYU_bedroom_0087_3.png
\RAGHAVENDER_SAHDEV_place_recognition\9\RSp_9_Lplace_ONE_15h40m15sLimg303.png,\RAGHAVENDER_SAHDEV_place_recognition\9\RSp_9_Lplace_ONE_15h40m19sLimg318.png
\tv_human_interactions_videos\handShake_0006\TV_handShake_0006_013.png,\tv_human_interactions_videos\handShake_0006\TV_handShake_0006_018.png
\NYU\NYU_bedroom_0096\NYU_bedroom_0096_2.png,\NYU\NYU_bedroom_0096\NYU_bedroom_0096_3.png
\European_flood_dataset\191\EF_191_26898165.jpg,\European_flood_dataset\191\EF_191_26898169.jpg
\NYU\NYU_office_0027\NYU_office_0027_2.png,\NYU\NYU_office_0027\NYU_office_0027_3.png
\NYU\NYU_kitchen_0025\NYU_kitchen_0025_1.png,\NYU\NYU_kitchen_0025\NYU_kitchen_0025_3.png
\NYU\NYU_kitchen_0057\NYU_kitchen_0057_2.png,\NYU\NYU_kitchen_0057\NYU_kitchen_0057_4.png
\European_flood_dataset\130\EF_130_26541232.jpg,\European_flood_dataset\130\EF_130_26541235.jpg
\NYU\NYU_kitchen_0054\NYU_kitchen_0054_1.png,\NYU\NYU_kitchen_0054\NYU_kitchen_0054_3.png
\NYU\NYU_bedroom_0018\NYU_bedroom_0018_1.png,\NYU\NYU_bedroom_0018\NYU_bedroom_0018_2.png
\NYU\NYU_dining_room_0016\NYU_dining_room_0016_1.png,\NYU\NYU_dining_room_0016\NYU_dining_room_0016_2.png
\tv_human_interactions_videos\hug_0045\TV_hug_0045_004.png,\tv_human_interactions_videos\hug_0045\TV_hug_0045_014.png
\NYU\NYU_dining_room_0025\NYU_dining_room_0025_2.png,\NYU\NYU_dining_room_0025\NYU_dining_room_0025_3.png
\NYU\NYU_dining_room_0025\NYU_dining_room_0025_1.png,\NYU\NYU_dining_room_0025\NYU_dining_room_0025_2.png
\tv_human_interactions_videos\kiss_0003\TV_kiss_0003_009.png,\tv_human_interactions_videos\kiss_0003\TV_kiss_0003_024.png
\NYU\NYU_conference_room_0001\NYU_conference_room_0001_1.png,\NYU\NYU_conference_room_0001\NYU_conference_room_0001_2.png
\European_flood_dataset\229\EF_229_60754137.jpg,\European_flood_dataset\229\EF_229_60754144.jpg
\European_flood_dataset\12\EF_12_26459046.jpg,\European_flood_dataset\12\EF_12_26459061.jpg
\European_flood_dataset\183\EF_183_26897387.jpg,\European_flood_dataset\183\EF_183_26897389.jpg
\European_flood_dataset\74\EF_74_26490800.jpg,\European_flood_dataset\74\EF_74_26490809.jpg
\NYU\NYU_bedroom_0003\NYU_bedroom_0003_2.png,\NYU\NYU_bedroom_0003\NYU_bedroom_0003_3.png
\NYU\NYU_study_0002\NYU_study_0002_3.png,\NYU\NYU_study_0002\NYU_study_0002_4.png
\European_flood_dataset\106\EF_106_26504205.jpg,\European_flood_dataset\106\EF_106_26504208.jpg
\European_flood_dataset\153\EF_153_26583025.jpg,\European_flood_dataset\153\EF_153_26583026.jpg
\European_flood_dataset\197\EF_197_27056632.jpg,\European_flood_dataset\197\EF_197_27056641.jpg
\RAGHAVENDER_SAHDEV_place_recognition\6\RSp_6_LoungeL9h46m19sLimg287.png,\RAGHAVENDER_SAHDEV_place_recognition\6\RSp_6_LoungeL9h46m23sLimg300.png
\NYU\NYU_kitchen_0052\NYU_kitchen_0052_1.png,\NYU\NYU_kitchen_0052\NYU_kitchen_0052_4.png
\tv_human_interactions_videos\highFive_0017\TV_highFive_0017_004.png,\tv_human_interactions_videos\highFive_0017\TV_highFive_0017_014.png
\NYU\NYU_reception_room_0003\NYU_reception_room_0003_1.png,\NYU\NYU_reception_room_0003\NYU_reception_room_0003_5.png
\tv_human_interactions_videos\highFive_0040\TV_highFive_0040_007.png,\tv_human_interactions_videos\highFive_0040\TV_highFive_0040_012.png
\tv_human_interactions_videos\hug_0007\TV_hug_0007_003.png,\tv_human_interactions_videos\hug_0007\TV_hug_0007_028.png
\NYU\NYU_living_room_0050\NYU_living_room_0050_3.png,\NYU\NYU_living_room_0050\NYU_living_room_0050_4.png
\NYU\NYU_kitchen_0028\NYU_kitchen_0028_4.png,\NYU\NYU_kitchen_0028\NYU_kitchen_0028_6.png
\NYU\NYU_bedroom_0030\NYU_bedroom_0030_1.png,\NYU\NYU_bedroom_0030\NYU_bedroom_0030_2.png
\NYU\NYU_living_room_0086\NYU_living_room_0086_3.png,\NYU\NYU_living_room_0086\NYU_living_room_0086_5.png
\NYU\NYU_kitchen_0060\NYU_kitchen_0060_1.png,\NYU\NYU_kitchen_0060\NYU_kitchen_0060_2.png
\European_flood_dataset\114\EF_114_26505778.jpg,\European_flood_dataset\114\EF_114_26505779.jpg
\NYU\NYU_living_room_0004\NYU_living_room_0004_3.png,\NYU\NYU_living_room_0004\NYU_living_room_0004_4.png
\NYU\NYU_kitchen_0035\NYU_kitchen_0035_1.png,\NYU\NYU_kitchen_0035\NYU_kitchen_0035_2.png
\European_flood_dataset\172\EF_172_26750877.jpg,\European_flood_dataset\172\EF_172_26750896.jpg
\NYU\NYU_computer_lab_0001\NYU_computer_lab_0001_2.png,\NYU\NYU_computer_lab_0001\NYU_computer_lab_0001_3.png
\OPEED\2\OP_2_620.png,\OPEED\2\OP_2_622.png
\tv_human_interactions_videos\kiss_0037\TV_kiss_0037_001.png,\tv_human_interactions_videos\kiss_0037\TV_kiss_0037_016.png
\European_flood_dataset\227\EF_227_56535737.jpg,\European_flood_dataset\227\EF_227_56535756.jpg
\NYU\NYU_kitchen_0048\NYU_kitchen_0048_3.png,\NYU\NYU_kitchen_0048\NYU_kitchen_0048_4.png
\NYU\NYU_kitchen_0045\NYU_kitchen_0045_5.png,\NYU\NYU_kitchen_0045\NYU_kitchen_0045_6.png
\NYU\NYU_dining_room_0015\NYU_dining_room_0015_3.png,\NYU\NYU_dining_room_0015\NYU_dining_room_0015_4.png
\NYU\NYU_kitchen_0029\NYU_kitchen_0029_2.png,\NYU\NYU_kitchen_0029\NYU_kitchen_0029_5.png
\NYU\NYU_bedroom_0052\NYU_bedroom_0052_1.png,\NYU\NYU_bedroom_0052\NYU_bedroom_0052_3.png
\RAGHAVENDER_SAHDEV_place_recognition\2\RSp_2_AshRoomL18h8m16sLimg101.png,\RAGHAVENDER_SAHDEV_place_recognition\2\RSp_2_AshRoomL18h8m17sLimg104.png
\NYU\NYU_bedroom_0061\NYU_bedroom_0061_2.png,\NYU\NYU_bedroom_0061\NYU_bedroom_0061_3.png
\European_flood_dataset\104\EF_104_26503363.jpg,\European_flood_dataset\104\EF_104_26503364.jpg
\European_flood_dataset\67\EF_67_26475477.jpg,\European_flood_dataset\67\EF_67_26475500.jpg
\NYU\NYU_kitchen_0035\NYU_kitchen_0035_1.png,\NYU\NYU_kitchen_0035\NYU_kitchen_0035_6.png
\NYU\NYU_furniture_store_0001\NYU_furniture_store_0001_1.png,\NYU\NYU_furniture_store_0001\NYU_furniture_store_0001_2.png
\European_flood_dataset\198\EF_198_27056650.jpg,\European_flood_dataset\198\EF_198_27056651.jpg
\NYU\NYU_kitchen_0019\NYU_kitchen_0019_3.png,\NYU\NYU_kitchen_0019\NYU_kitchen_0019_4.png
\NYU\NYU_bedroom_0051\NYU_bedroom_0051_1.png,\NYU\NYU_bedroom_0051\NYU_bedroom_0051_4.png
\NYU\NYU_bedroom_0067\NYU_bedroom_0067_1.png,\NYU\NYU_bedroom_0067\NYU_bedroom_0067_3.png
\European_flood_dataset\208\EF_208_27874598.jpg,\European_flood_dataset\208\EF_208_27874721.jpg
\NYU\NYU_office_0000\NYU_office_0000_3.png,\NYU\NYU_office_0000\NYU_office_0000_4.png
\tv_human_interactions_videos\hug_0005\TV_hug_0005_007.png,\tv_human_interactions_videos\hug_0005\TV_hug_0005_028.png
\RAGHAVENDER_SAHDEV_place_recognition\3\RSp_3_CorridorL19h32m42sLimg66.png,\RAGHAVENDER_SAHDEV_place_recognition\3\RSp_3_CorridorL19h32m45sLimg77.png
\NYU\NYU_bedroom_0079\NYU_bedroom_0079_3.png,\NYU\NYU_bedroom_0079\NYU_bedroom_0079_4.png
\European_flood_dataset\126\EF_126_26540921.jpg,\European_flood_dataset\126\EF_126_26540924.jpg
\NYU\NYU_bookstore_0001\NYU_bookstore_0001_2.png,\NYU\NYU_bookstore_0001\NYU_bookstore_0001_3.png
\European_flood_dataset\208\EF_208_27874721.jpg,\European_flood_dataset\208\EF_208_27874737.jpg
\NYU\NYU_playroom_0003\NYU_playroom_0003_2.png,\NYU\NYU_playroom_0003\NYU_playroom_0003_3.png
\RAGHAVENDER_SAHDEV_place_recognition\11\RSp_11_Lplace_THREE_117.png,\RAGHAVENDER_SAHDEV_place_recognition\11\RSp_11_Lplace_THREE_135.png
\NYU\NYU_dining_room_0001\NYU_dining_room_0001_3.png,\NYU\NYU_dining_room_0001\NYU_dining_room_0001_5.png
\NYU\NYU_classroom_0022\NYU_classroom_0022_1.png,\NYU\NYU_classroom_0022\NYU_classroom_0022_3.png
\NYU\NYU_study_0001\NYU_study_0001_4.png,\NYU\NYU_study_0001\NYU_study_0001_5.png
\RAGHAVENDER_SAHDEV_place_recognition\17\RSp_17_ProfRoomL8h27m42sLimg16.png,\RAGHAVENDER_SAHDEV_place_recognition\17\RSp_17_ProfRoomL8h28m36sLimg128.png
\OPEED\1\OP_1_355.png,\OPEED\1\OP_1_356.png
\NYU\NYU_bedroom_0104\NYU_bedroom_0104_1.png,\NYU\NYU_bedroom_0104\NYU_bedroom_0104_3.png
\NYU\NYU_kitchen_0033\NYU_kitchen_0033_1.png,\NYU\NYU_kitchen_0033\NYU_kitchen_0033_2.png
\NYU\NYU_dining_room_0015\NYU_dining_room_0015_2.png,\NYU\NYU_dining_room_0015\NYU_dining_room_0015_4.png
\NYU\NYU_kitchen_0052\NYU_kitchen_0052_2.png,\NYU\NYU_kitchen_0052\NYU_kitchen_0052_4.png
\European_flood_dataset\97\EF_97_26499306.jpg,\European_flood_dataset\97\EF_97_26499310.jpg
\NYU\NYU_bedroom_0054\NYU_bedroom_0054_1.png,\NYU\NYU_bedroom_0054\NYU_bedroom_0054_3.png
\OPEED\2\OP_2_385.png,\OPEED\2\OP_2_388.png
\tv_human_interactions_videos\hug_0001\TV_hug_0001_001.png,\tv_human_interactions_videos\hug_0001\TV_hug_0001_011.png
\NYU\NYU_living_room_0004\NYU_living_room_0004_1.png,\NYU\NYU_living_room_0004\NYU_living_room_0004_2.png
\European_flood_dataset\156\EF_156_26583306.jpg,\European_flood_dataset\156\EF_156_26583308.jpg
\European_flood_dataset\197\EF_197_27056636.jpg,\European_flood_dataset\197\EF_197_27056642.jpg
\tv_human_interactions_videos\highFive_0040\TV_highFive_0040_010.png,\tv_human_interactions_videos\highFive_0040\TV_highFive_0040_015.png
\European_flood_dataset\231\EF_231_pollution_64.jpg,\European_flood_dataset\231\EF_231_pollution_66.jpg
\European_flood_dataset\184\EF_184_26897484.jpg,\European_flood_dataset\184\EF_184_26897488.jpg
\NYU\NYU_kitchen_0041\NYU_kitchen_0041_1.png,\NYU\NYU_kitchen_0041\NYU_kitchen_0041_2.png
\NYU\NYU_dining_room_0032\NYU_dining_room_0032_2.png,\NYU\NYU_dining_room_0032\NYU_dining_room_0032_4.png
\NYU\NYU_bathroom_0025\NYU_bathroom_0025_1.png,\NYU\NYU_bathroom_0025\NYU_bathroom_0025_2.png
\NYU\NYU_kitchen_0052\NYU_kitchen_0052_1.png,\NYU\NYU_kitchen_0052\NYU_kitchen_0052_5.png
\NYU\NYU_office_0026\NYU_office_0026_1.png,\NYU\NYU_office_0026\NYU_office_0026_3.png
\tv_human_interactions_videos\handShake_0006\TV_handShake_0006_015.png,\tv_human_interactions_videos\handShake_0006\TV_handShake_0006_020.png
\European_flood_dataset\9\EF_9_26458017.jpg,\European_flood_dataset\9\EF_9_26458038.jpg
\NYU\NYU_kitchen_0053\NYU_kitchen_0053_5.png,\NYU\NYU_kitchen_0053\NYU_kitchen_0053_6.png
\NYU\NYU_dinette_0001\NYU_dinette_0001_1.png,\NYU\NYU_dinette_0001\NYU_dinette_0001_3.png
\NYU\NYU_bedroom_0116\NYU_bedroom_0116_1.png,\NYU\NYU_bedroom_0116\NYU_bedroom_0116_2.png
\NYU\NYU_bedroom_0084\NYU_bedroom_0084_1.png,\NYU\NYU_bedroom_0084\NYU_bedroom_0084_2.png
\NYU\NYU_dining_room_0024\NYU_dining_room_0024_2.png,\NYU\NYU_dining_room_0024\NYU_dining_room_0024_3.png
\NYU\NYU_kitchen_0060\NYU_kitchen_0060_3.png,\NYU\NYU_kitchen_0060\NYU_kitchen_0060_4.png
\RAGHAVENDER_SAHDEV_place_recognition\1\RSp_1_ArenaL18h54m37sLimg94.png,\RAGHAVENDER_SAHDEV_place_recognition\1\RSp_1_ArenaL18h54m38sLimg98.png
\RAGHAVENDER_SAHDEV_place_recognition\7\RSp_7_Lplace_FIVE_4h21m54sLimg19.png,\RAGHAVENDER_SAHDEV_place_recognition\7\RSp_7_Lplace_FIVE_4h21m56sLimg24.png
\tv_human_interactions_videos\kiss_0047\TV_kiss_0047_010.png,\tv_human_interactions_videos\kiss_0047\TV_kiss_0047_035.png
\European_flood_dataset\189\EF_189_26898036.jpg,\European_flood_dataset\189\EF_189_26898128.jpg
\NYU\NYU_conference_room_0001\NYU_conference_room_0001_1.png,\NYU\NYU_conference_room_0001\NYU_conference_room_0001_3.png
\NYU\NYU_bedroom_0040\NYU_bedroom_0040_1.png,\NYU\NYU_bedroom_0040\NYU_bedroom_0040_2.png
\NYU\NYU_dining_room_0024\NYU_dining_room_0024_1.png,\NYU\NYU_dining_room_0024\NYU_dining_room_0024_2.png
\European_flood_dataset\59\EF_59_26471087.jpg,\European_flood_dataset\59\EF_59_26471103.jpg
\NYU\NYU_dining_room_0025\NYU_dining_room_0025_1.png,\NYU\NYU_dining_room_0025\NYU_dining_room_0025_3.png
\NYU\NYU_conference_room_0002\NYU_conference_room_0002_1.png,\NYU\NYU_conference_room_0002\NYU_conference_room_0002_2.png
\European_flood_dataset\182\EF_182_26897355.jpg,\European_flood_dataset\182\EF_182_26897356.jpg
\NYU\NYU_living_room_0050\NYU_living_room_0050_1.png,\NYU\NYU_living_room_0050\NYU_living_room_0050_2.png
\Mendeley\Faculty_of_Engineering_parking_lot\MEN_FacultyOfAEngineeringParkingLot_imagem_015.png,\Mendeley\Faculty_of_Engineering_parking_lot\MEN_FacultyOfAEngineeringParkingLot_imagem_017.png
\European_flood_dataset\178\EF_178_26819633.jpg,\European_flood_dataset\178\EF_178_26819840.jpg
\tv_human_interactions_videos\hug_0014\TV_hug_0014_041.png,\tv_human_interactions_videos\hug_0014\TV_hug_0014_056.png
\tv_human_interactions_videos\kiss_0027\TV_kiss_0027_001.png,\tv_human_interactions_videos\kiss_0027\TV_kiss_0027_011.png
\MASATI\coast\45\MAS_coast_45_c0763.png,\MASATI\coast\45\MAS_coast_45_c0764.png
\RAGHAVENDER_SAHDEV_place_recognition\2\RSp_2_AshRoomL18h8m3sLimg52.png,\RAGHAVENDER_SAHDEV_place_recognition\2\RSp_2_AshRoomL18h8m5sLimg58.png
\European_flood_dataset\126\EF_126_26540921.jpg,\European_flood_dataset\126\EF_126_26541077.jpg
\NYU\NYU_bedroom_0088\NYU_bedroom_0088_1.png,\NYU\NYU_bedroom_0088\NYU_bedroom_0088_2.png
\RAGHAVENDER_SAHDEV_place_recognition\12\RSp_12_Lplace_TWO_17h51m35sLimg98.png,\RAGHAVENDER_SAHDEV_place_recognition\12\RSp_12_Lplace_TWO_17h51m37sLimg107.png
\tv_human_interactions_videos\handShake_0006\TV_handShake_0006_011.png,\tv_human_interactions_videos\handShake_0006\TV_handShake_0006_016.png
\European_flood_dataset\33\EF_33_26467256.jpg,\European_flood_dataset\33\EF_33_26467314.jpg
\NYU\NYU_bathroom_0022\NYU_bathroom_0022_1.png,\NYU\NYU_bathroom_0022\NYU_bathroom_0022_2.png
\Mendeley\Faculty_of_arts_and_design_II\MEN_FacultyOfArtsAndDesignII_imagem_052.png,\Mendeley\Faculty_of_arts_and_design_II\MEN_FacultyOfArtsAndDesignII_imagem_053.png
\NYU\NYU_kitchen_0041\NYU_kitchen_0041_1.png,\NYU\NYU_kitchen_0041\NYU_kitchen_0041_3.png
\NYU\NYU_dining_room_0005\NYU_dining_room_0005_1.png,\NYU\NYU_dining_room_0005\NYU_dining_room_0005_2.png
\NYU\NYU_dining_room_0011\NYU_dining_room_0011_1.png,\NYU\NYU_dining_room_0011\NYU_dining_room_0011_2.png
\NYU\NYU_living_room_0053\NYU_living_room_0053_2.png,\NYU\NYU_living_room_0053\NYU_living_room_0053_3.png
\tv_human_interactions_videos\hug_0041\TV_hug_0041_003.png,\tv_human_interactions_videos\hug_0041\TV_hug_0041_023.png
\NYU\NYU_bedroom_0016\NYU_bedroom_0016_3.png,\NYU\NYU_bedroom_0016\NYU_bedroom_0016_4.png
\NYU\NYU_kitchen_0035\NYU_kitchen_0035_3.png,\NYU\NYU_kitchen_0035\NYU_kitchen_0035_4.png
\NYU\NYU_bedroom_0025\NYU_bedroom_0025_3.png,\NYU\NYU_bedroom_0025\NYU_bedroom_0025_4.png
\NYU\NYU_bedroom_0135\NYU_bedroom_0135_3.png,\NYU\NYU_bedroom_0135\NYU_bedroom_0135_4.png
\NYU\NYU_playroom_0003\NYU_playroom_0003_1.png,\NYU\NYU_playroom_0003\NYU_playroom_0003_2.png
\NYU\NYU_bedroom_0031\NYU_bedroom_0031_1.png,\NYU\NYU_bedroom_0031\NYU_bedroom_0031_2.png
\tv_human_interactions_videos\kiss_0047\TV_kiss_0047_008.png,\tv_human_interactions_videos\kiss_0047\TV_kiss_0047_033.png
\NYU\NYU_kitchen_0004\NYU_kitchen_0004_1.png,\NYU\NYU_kitchen_0004\NYU_kitchen_0004_2.png
\NYU\NYU_dining_room_0037\NYU_dining_room_0037_2.png,\NYU\NYU_dining_room_0037\NYU_dining_room_0037_3.png
\NYU\NYU_bedroom_0127\NYU_bedroom_0127_1.png,\NYU\NYU_bedroom_0127\NYU_bedroom_0127_2.png
\RAGHAVENDER_SAHDEV_place_recognition\15\RSp_15_WashRoomL0h59m34sLimg29.png,\RAGHAVENDER_SAHDEV_place_recognition\15\RSp_15_WashRoomL0h59m36sLimg35.png
\NYU\NYU_bedroom_0138\NYU_bedroom_0138_1.png,\NYU\NYU_bedroom_0138\NYU_bedroom_0138_2.png
\NYU\NYU_living_room_0084\NYU_living_room_0084_1.png,\NYU\NYU_living_room_0084\NYU_living_room_0084_2.png
\NYU\NYU_bedroom_0119\NYU_bedroom_0119_2.png,\NYU\NYU_bedroom_0119\NYU_bedroom_0119_3.png
\European_flood_dataset\34\EF_34_26467459.jpg,\European_flood_dataset\34\EF_34_26467474.jpg
\NYU\NYU_dinette_0001\NYU_dinette_0001_3.png,\NYU\NYU_dinette_0001\NYU_dinette_0001_4.png
\MASATI\coast\2\MAS_coast_2_c0011.png,\MASATI\coast\2\MAS_coast_2_c0012.png
\European_flood_dataset\62\EF_62_26471497.jpg,\European_flood_dataset\62\EF_62_26471569.jpg
\MASATI\coast\39\MAS_coast_39_c0572.png,\MASATI\coast\39\MAS_coast_39_c0573.png
\tv_human_interactions_videos\hug_0045\TV_hug_0045_005.png,\tv_human_interactions_videos\hug_0045\TV_hug_0045_015.png
\tv_human_interactions_videos\hug_0038\TV_hug_0038_001.png,\tv_human_interactions_videos\hug_0038\TV_hug_0038_012.png
\Mendeley\Faculty_of_arts_and_design_I\MEN_FacultyOfArtsAndDesignI_imagem_003.png,\Mendeley\Faculty_of_arts_and_design_I\MEN_FacultyOfArtsAndDesignI_imagem_004.png
\NYU\NYU_computer_lab_0002\NYU_computer_lab_0002_1.png,\NYU\NYU_computer_lab_0002\NYU_computer_lab_0002_3.png
\NYU\NYU_home_office_0006\NYU_home_office_0006_3.png,\NYU\NYU_home_office_0006\NYU_home_office_0006_4.png
\RAGHAVENDER_SAHDEV_place_recognition\1\RSp_1_ArenaL18h54m15sLimg19.png,\RAGHAVENDER_SAHDEV_place_recognition\1\RSp_1_ArenaL18h54m17sLimg27.png
\tv_human_interactions_videos\highFive_0043\TV_highFive_0043_001.png,\tv_human_interactions_videos\highFive_0043\TV_highFive_0043_008.png
\RAGHAVENDER_SAHDEV_place_recognition\3\RSp_3_CorridorL19h32m38sLimg54.png,\RAGHAVENDER_SAHDEV_place_recognition\3\RSp_3_CorridorL19h32m39sLimg56.png
\tv_human_interactions_videos\hug_0005\TV_hug_0005_014.png,\tv_human_interactions_videos\hug_0005\TV_hug_0005_019.png
\European_flood_dataset\184\EF_184_26897477.jpg,\European_flood_dataset\184\EF_184_26897480.jpg
\NYU\NYU_home_office_0005\NYU_home_office_0005_2.png,\NYU\NYU_home_office_0005\NYU_home_office_0005_3.png
\European_flood_dataset\126\EF_126_26540921.jpg,\European_flood_dataset\126\EF_126_26541078.jpg
\NYU\NYU_reception_room_0003\NYU_reception_room_0003_3.png,\NYU\NYU_reception_room_0003\NYU_reception_room_0003_4.png
\RAGHAVENDER_SAHDEV_place_recognition\11\RSp_11_Lplace_THREE_537.png,\RAGHAVENDER_SAHDEV_place_recognition\11\RSp_11_Lplace_THREE_538.png
\European_flood_dataset\43\EF_43_26468544.jpg,\European_flood_dataset\43\EF_43_26468582.jpg
\NYU\NYU_bedroom_0128\NYU_bedroom_0128_1.png,\NYU\NYU_bedroom_0128\NYU_bedroom_0128_2.png
\NYU\NYU_kitchen_0056\NYU_kitchen_0056_3.png,\NYU\NYU_kitchen_0056\NYU_kitchen_0056_4.png
\NYU\NYU_bedroom_0080\NYU_bedroom_0080_3.png,\NYU\NYU_bedroom_0080\NYU_bedroom_0080_4.png
\NYU\NYU_dining_room_0036\NYU_dining_room_0036_1.png,\NYU\NYU_dining_room_0036\NYU_dining_room_0036_2.png
\Trimbot\uvc_camera_cam_2\TRI_uvc_camera_cam_2_f00210_undist.png,\Trimbot\uvc_camera_cam_2\TRI_uvc_camera_cam_2_f00360_undist.png
\NYU\NYU_kitchen_0029\NYU_kitchen_0029_1.png,\NYU\NYU_kitchen_0029\NYU_kitchen_0029_5.png
\NYU\NYU_bedroom_0024\NYU_bedroom_0024_1.png,\NYU\NYU_bedroom_0024\NYU_bedroom_0024_2.png
\MASATI\land\4\MAS_land_4_l0377.png,\MASATI\land\4\MAS_land_4_l0378.png
\European_flood_dataset\73\EF_73_26476497.jpg,\European_flood_dataset\73\EF_73_26476498.jpg
\NYU\NYU_bedroom_0083\NYU_bedroom_0083_1.png,\NYU\NYU_bedroom_0083\NYU_bedroom_0083_2.png
\NYU\NYU_bedroom_0014\NYU_bedroom_0014_1.png,\NYU\NYU_bedroom_0014\NYU_bedroom_0014_2.png
\tv_human_interactions_videos\hug_0045\TV_hug_0045_001.png,\tv_human_interactions_videos\hug_0045\TV_hug_0045_011.png
\tv_human_interactions_videos\highFive_0017\TV_highFive_0017_003.png,\tv_human_interactions_videos\highFive_0017\TV_highFive_0017_013.png
\NYU\NYU_home_office_0006\NYU_home_office_0006_2.png,\NYU\NYU_home_office_0006\NYU_home_office_0006_3.png
\tv_human_interactions_videos\highFive_0040\TV_highFive_0040_006.png,\tv_human_interactions_videos\highFive_0040\TV_highFive_0040_011.png
\NYU\NYU_playroom_0005\NYU_playroom_0005_1.png,\NYU\NYU_playroom_0005\NYU_playroom_0005_2.png
\NYU\NYU_dinette_0001\NYU_dinette_0001_2.png,\NYU\NYU_dinette_0001\NYU_dinette_0001_4.png
\European_flood_dataset\60\EF_60_26471268.jpg,\European_flood_dataset\60\EF_60_26471276.jpg
\European_flood_dataset\213\EF_213_28595456.jpg,\European_flood_dataset\213\EF_213_28595457.jpg
\OPEED\2\OP_2_918.png,\OPEED\2\OP_2_946.png
\MASATI\coastShip\26\MAS_coastShip_26_x0514.png,\MASATI\coastShip\26\MAS_coastShip_26_x0515.png
\tv_human_interactions_videos\kiss_0047\TV_kiss_0047_009.png,\tv_human_interactions_videos\kiss_0047\TV_kiss_0047_034.png
\NYU\NYU_bedroom_0095\NYU_bedroom_0095_1.png,\NYU\NYU_bedroom_0095\NYU_bedroom_0095_2.png
\NYU\NYU_dining_room_0026\NYU_dining_room_0026_2.png,\NYU\NYU_dining_room_0026\NYU_dining_room_0026_3.png
\MASATI\coast\43\MAS_coast_43_c0653.png,\MASATI\coast\43\MAS_coast_43_c0654.png
\Mendeley\Faculty_of_arts_and_design_II\MEN_FacultyOfArtsAndDesignII_imagem_013.png,\Mendeley\Faculty_of_arts_and_design_II\MEN_FacultyOfArtsAndDesignII_imagem_014.png
\RAGHAVENDER_SAHDEV_place_recognition\1\RSp_1_ArenaL18h54m20sLimg39.png,\RAGHAVENDER_SAHDEV_place_recognition\1\RSp_1_ArenaL18h54m23sLimg48.png
\tv_human_interactions_videos\handShake_0006\TV_handShake_0006_012.png,\tv_human_interactions_videos\handShake_0006\TV_handShake_0006_017.png
\NYU\NYU_living_room_0022\NYU_living_room_0022_5.png,\NYU\NYU_living_room_0022\NYU_living_room_0022_6.png
\NYU\NYU_playroom_0004\NYU_playroom_0004_1.png,\NYU\NYU_playroom_0004\NYU_playroom_0004_3.png
\NYU\NYU_kitchen_0041\NYU_kitchen_0041_2.png,\NYU\NYU_kitchen_0041\NYU_kitchen_0041_3.png
\NYU\NYU_bedroom_0058\NYU_bedroom_0058_2.png,\NYU\NYU_bedroom_0058\NYU_bedroom_0058_3.png
\European_flood_dataset\227\EF_227_56535756.jpg,\European_flood_dataset\227\EF_227_56535786.jpg
\European_flood_dataset\178\EF_178_26831760.jpg,\European_flood_dataset\178\EF_178_26831852.jpg
\RAGHAVENDER_SAHDEV_place_recognition\2\RSp_2_AshRoomL18h8m29sLimg151.png,\RAGHAVENDER_SAHDEV_place_recognition\2\RSp_2_AshRoomL18h8m34sLimg167.png
\NYU\NYU_living_room_0086\NYU_living_room_0086_3.png,\NYU\NYU_living_room_0086\NYU_living_room_0086_4.png
\NYU\NYU_home_office_0005\NYU_home_office_0005_3.png,\NYU\NYU_home_office_0005\NYU_home_office_0005_4.png
\NYU\NYU_living_room_0025\NYU_living_room_0025_1.png,\NYU\NYU_living_room_0025\NYU_living_room_0025_3.png
\NYU\NYU_bathroom_0058\NYU_bathroom_0058_1.png,\NYU\NYU_bathroom_0058\NYU_bathroom_0058_2.png
\NYU\NYU_classroom_0022\NYU_classroom_0022_2.png,\NYU\NYU_classroom_0022\NYU_classroom_0022_3.png
\NYU\NYU_kitchen_0035\NYU_kitchen_0035_1.png,\NYU\NYU_kitchen_0035\NYU_kitchen_0035_5.png
\RAGHAVENDER_SAHDEV_place_recognition\2\RSp_2_AshRoomL18h8m17sLimg105.png,\RAGHAVENDER_SAHDEV_place_recognition\2\RSp_2_AshRoomL18h8m18sLimg109.png
\tv_human_interactions_videos\hug_0032\TV_hug_0032_003.png,\tv_human_interactions_videos\hug_0032\TV_hug_0032_019.png
\NYU\NYU_study_0001\NYU_study_0001_2.png,\NYU\NYU_study_0001\NYU_study_0001_5.png
\NYU\NYU_dining_room_0037\NYU_dining_room_0037_3.png,\NYU\NYU_dining_room_0037\NYU_dining_room_0037_4.png
\tv_human_interactions_videos\hug_0007\TV_hug_0007_004.png,\tv_human_interactions_videos\hug_0007\TV_hug_0007_029.png
\tv_human_interactions_videos\hug_0032\TV_hug_0032_004.png,\tv_human_interactions_videos\hug_0032\TV_hug_0032_020.png
\OPEED\1\OP_1_84.png,\OPEED\1\OP_1_87.png
\European_flood_dataset\184\EF_184_26897480.jpg,\European_flood_dataset\184\EF_184_26897484.jpg
\NYU\NYU_living_room_0086\NYU_living_room_0086_2.png,\NYU\NYU_living_room_0086\NYU_living_room_0086_5.png
\NYU\NYU_office_kitchen_0002\NYU_office_kitchen_0002_1.png,\NYU\NYU_office_kitchen_0002\NYU_office_kitchen_0002_2.png
\European_flood_dataset\126\EF_126_26540924.jpg,\European_flood_dataset\126\EF_126_26541077.jpg
\tv_human_interactions_videos\kiss_0002\TV_kiss_0002_003.png,\tv_human_interactions_videos\kiss_0002\TV_kiss_0002_008.png
\NYU\NYU_kitchen_0023\NYU_kitchen_0023_1.png,\NYU\NYU_kitchen_0023\NYU_kitchen_0023_2.png
\RAGHAVENDER_SAHDEV_place_recognition\2\RSp_2_AshRoomL18h8m7sLimg67.png,\RAGHAVENDER_SAHDEV_place_recognition\2\RSp_2_AshRoomL18h8m10sLimg78.png
\European_flood_dataset\70\EF_70_26475623.jpg,\European_flood_dataset\70\EF_70_26475632.jpg
\tv_human_interactions_videos\kiss_0037\TV_kiss_0037_004.png,\tv_human_interactions_videos\kiss_0037\TV_kiss_0037_022.png
\European_flood_dataset\112\EF_112_26505384.jpg,\European_flood_dataset\112\EF_112_26505495.jpg
\European_flood_dataset\60\EF_60_26471276.jpg,\European_flood_dataset\60\EF_60_26471291.jpg
\NYU\NYU_furniture_store_0001_\NYU_furniture_store_0001_14.png,\NYU\NYU_furniture_store_0001_\NYU_furniture_store_0001_16.png
\NYU\NYU_home_storage_0001\NYU_home_storage_0001_1.png,\NYU\NYU_home_storage_0001\NYU_home_storage_0001_2.png
\European_flood_dataset\111\EF_111_26504263.jpg,\European_flood_dataset\111\EF_111_26504271.jpg
\European_flood_dataset\36\EF_36_26467800.jpg,\European_flood_dataset\36\EF_36_26467836.jpg
\RAGHAVENDER_SAHDEV_place_recognition\12\RSp_12_Lplace_TWO_17h51m19sLimg28.png,\RAGHAVENDER_SAHDEV_place_recognition\12\RSp_12_Lplace_TWO_17h51m28sLimg67.png
\tv_human_interactions_videos\hug_0001\TV_hug_0001_005.png,\tv_human_interactions_videos\hug_0001\TV_hug_0001_015.png
\tv_human_interactions_videos\hug_0032\TV_hug_0032_002.png,\tv_human_interactions_videos\hug_0032\TV_hug_0032_018.png
\NYU\NYU_office_0026\NYU_office_0026_1.png,\NYU\NYU_office_0026\NYU_office_0026_2.png
\NYU\NYU_dining_room_0032\NYU_dining_room_0032_3.png,\NYU\NYU_dining_room_0032\NYU_dining_room_0032_4.png
\tv_human_interactions_videos\hug_0032\TV_hug_0032_001.png,\tv_human_interactions_videos\hug_0032\TV_hug_0032_017.png
\NYU\NYU_living_room_0069\NYU_living_room_0069_1.png,\NYU\NYU_living_room_0069\NYU_living_room_0069_2.png
\NYU\NYU_classroom_0024\NYU_classroom_0024_1.png,\NYU\NYU_classroom_0024\NYU_classroom_0024_2.png
\European_flood_dataset\54\EF_54_26470696.jpg,\European_flood_dataset\54\EF_54_26470816.jpg
\tv_human_interactions_videos\kiss_0047\TV_kiss_0047_007.png,\tv_human_interactions_videos\kiss_0047\TV_kiss_0047_032.png
\NYU\NYU_kitchen_0010\NYU_kitchen_0010_2.png,\NYU\NYU_kitchen_0010\NYU_kitchen_0010_3.png
\RAGHAVENDER_SAHDEV_place_recognition\13\RSp_13_PlantRoomL8h51m57sLimg180.png,\RAGHAVENDER_SAHDEV_place_recognition\13\RSp_13_PlantRoomL8h52m0sLimg185.png
\NYU\NYU_kitchen_0045\NYU_kitchen_0045_3.png,\NYU\NYU_kitchen_0045\NYU_kitchen_0045_4.png
\NYU\NYU_home_office_0012\NYU_home_office_0012_1.png,\NYU\NYU_home_office_0012\NYU_home_office_0012_2.png
\NYU\NYU_classroom_0008\NYU_classroom_0008_1.png,\NYU\NYU_classroom_0008\NYU_classroom_0008_2.png
\NYU\NYU_dining_room_0006\NYU_dining_room_0006_1.png,\NYU\NYU_dining_room_0006\NYU_dining_room_0006_2.png
\RAGHAVENDER_SAHDEV_place_recognition\5\RSp_5_LivRoomL18h9m1sLimg271.png,\RAGHAVENDER_SAHDEV_place_recognition\5\RSp_5_LivRoomL18h9m3sLimg278.png
\NYU\NYU_dining_room_0033\NYU_dining_room_0033_1.png,\NYU\NYU_dining_room_0033\NYU_dining_room_0033_2.png
\Trimbot\uvc_camera_cam_0\TRI_uvc_camera_cam_0_f01120_undist.png,\Trimbot\uvc_camera_cam_0\TRI_uvc_camera_cam_0_f01150_undist.png
\European_flood_dataset\139\EF_139_26556182.jpg,\European_flood_dataset\139\EF_139_26556183.jpg
\European_flood_dataset\187\EF_187_26897921.jpg,\European_flood_dataset\187\EF_187_26897924.jpg
\NYU\NYU_office_0027\NYU_office_0027_3.png,\NYU\NYU_office_0027\NYU_office_0027_4.png
\NYU\NYU_bedroom_0106\NYU_bedroom_0106_1.png,\NYU\NYU_bedroom_0106\NYU_bedroom_0106_2.png
\MASATI\coastShip\25\MAS_coastShip_25_x0503.png,\MASATI\coastShip\25\MAS_coastShip_25_x0504.png
\European_flood_dataset\116\EF_116_26513967.jpg,\European_flood_dataset\116\EF_116_26513969.jpg
\NYU\NYU_student_lounge_0001\NYU_student_lounge_0001_4.png,\NYU\NYU_student_lounge_0001\NYU_student_lounge_0001_5.png
\European_flood_dataset\184\EF_184_26897477.jpg,\European_flood_dataset\184\EF_184_26897484.jpg
\European_flood_dataset\169\EF_169_26727633.jpg,\European_flood_dataset\169\EF_169_26727635.jpg
\NYU\NYU_bedroom_0136\NYU_bedroom_0136_2.png,\NYU\NYU_bedroom_0136\NYU_bedroom_0136_3.png
\NYU\NYU_playroom_0008\NYU_playroom_0008_4.png,\NYU\NYU_playroom_0008\NYU_playroom_0008_5.png
\RAGHAVENDER_SAHDEV_place_recognition\8\RSp_8_Lplace_FOUR_15h20m39sLimg170.png,\RAGHAVENDER_SAHDEV_place_recognition\8\RSp_8_Lplace_FOUR_15h20m46sLimg199.png
\RAGHAVENDER_SAHDEV_place_recognition\11\RSp_11_Lplace_THREE_1.png,\RAGHAVENDER_SAHDEV_place_recognition\11\RSp_11_Lplace_THREE_4.png
\NYU\NYU_classroom_0010\NYU_classroom_0010_1.png,\NYU\NYU_classroom_0010\NYU_classroom_0010_2.png
\NYU\NYU_living_room_0029\NYU_living_room_0029_2.png,\NYU\NYU_living_room_0029\NYU_living_room_0029_3.png
\RAGHAVENDER_SAHDEV_place_recognition\4\RSp_4_Lab2L8h50m59sLimg72.png,\RAGHAVENDER_SAHDEV_place_recognition\4\RSp_4_Lab2L8h51m3sLimg78.png
\NYU\NYU_kitchen_0024\NYU_kitchen_0024_1.png,\NYU\NYU_kitchen_0024\NYU_kitchen_0024_2.png
\NYU\NYU_home_storage_0001\NYU_home_storage_0001_4.png,\NYU\NYU_home_storage_0001\NYU_home_storage_0001_5.png
\European_flood_dataset\29\EF_29_26466857.jpg,\European_flood_dataset\29\EF_29_26466868.jpg
\tv_human_interactions_videos\kiss_0027\TV_kiss_0027_005.png,\tv_human_interactions_videos\kiss_0027\TV_kiss_0027_015.png
\European_flood_dataset\189\EF_189_26897914.jpg,\European_flood_dataset\189\EF_189_26898027.jpg
\European_flood_dataset\55\EF_55_26470684.jpg,\European_flood_dataset\55\EF_55_26470705.jpg
\MASATI\coast\27\MAS_coast_27_c0227.png,\MASATI\coast\27\MAS_coast_27_c0228.png
\RAGHAVENDER_SAHDEV_place_recognition\12\RSp_12_Lplace_TWO_17h52m32sLimg346.png,\RAGHAVENDER_SAHDEV_place_recognition\12\RSp_12_Lplace_TWO_17h52m36sLimg365.png
\NYU\NYU_study_0006\NYU_study_0006_1.png,\NYU\NYU_study_0006\NYU_study_0006_3.png
\European_flood_dataset\143\EF_143_26570646.jpg,\European_flood_dataset\143\EF_143_26570656.jpg
\European_flood_dataset\20\EF_20_26460902.jpg,\European_flood_dataset\20\EF_20_26460922.jpg
\Mendeley\Faculty_of_Engineering_parking_lot\MEN_FacultyOfAEngineeringParkingLot_imagem_029.png,\Mendeley\Faculty_of_Engineering_parking_lot\MEN_FacultyOfAEngineeringParkingLot_imagem_030.png
\European_flood_dataset\225\EF_225_56523768.jpg,\European_flood_dataset\225\EF_225_56523775.jpg
\NYU\NYU_kitchen_0033\NYU_kitchen_0033_2.png,\NYU\NYU_kitchen_0033\NYU_kitchen_0033_4.png
\NYU\NYU_bathroom_0016\NYU_bathroom_0016_2.png,\NYU\NYU_bathroom_0016\NYU_bathroom_0016_3.png
\OPEED\2\OP_2_534.png,\OPEED\2\OP_2_558.png
\NYU\NYU_home_office_0013\NYU_home_office_0013_1.png,\NYU\NYU_home_office_0013\NYU_home_office_0013_3.png
\tv_human_interactions_videos\kiss_0002\TV_kiss_0002_002.png,\tv_human_interactions_videos\kiss_0002\TV_kiss_0002_007.png
\European_flood_dataset\191\EF_191_26898165.jpg,\European_flood_dataset\191\EF_191_26898167.jpg
\European_flood_dataset\80\EF_80_26491736.jpg,\European_flood_dataset\80\EF_80_26491744.jpg
\tv_human_interactions_videos\negative_0028\TV_negative_0028_005.png,\tv_human_interactions_videos\negative_0028\TV_negative_0028_025.png
\European_flood_dataset\1\EF_1_25441112.jpg,\European_flood_dataset\1\EF_1_25441113.jpg
\NYU\NYU_kitchen_0029\NYU_kitchen_0029_3.png,\NYU\NYU_kitchen_0029\NYU_kitchen_0029_5.png
\tv_human_interactions_videos\negative_0028\TV_negative_0028_003.png,\tv_human_interactions_videos\negative_0028\TV_negative_0028_023.png
\European_flood_dataset\139\EF_139_26556184.jpg,\European_flood_dataset\139\EF_139_26556186.jpg
\Mendeley\Faculty_of_arts_and_design_II\MEN_FacultyOfArtsAndDesignII_imagem_003.png,\Mendeley\Faculty_of_arts_and_design_II\MEN_FacultyOfArtsAndDesignII_imagem_005.png
\European_flood_dataset\189\EF_189_26898027.jpg,\European_flood_dataset\189\EF_189_26898036.jpg
\NYU\NYU_bedroom_0062\NYU_bedroom_0062_3.png,\NYU\NYU_bedroom_0062\NYU_bedroom_0062_4.png
\Mendeley\Faculty_of_arts_and_design_I\MEN_FacultyOfArtsAndDesignI_imagem_051.png,\Mendeley\Faculty_of_arts_and_design_I\MEN_FacultyOfArtsAndDesignI_imagem_052.png
\NYU\NYU_living_room_0069\NYU_living_room_0069_3.png,\NYU\NYU_living_room_0069\NYU_living_room_0069_4.png
\NYU\NYU_bedroom_0092\NYU_bedroom_0092_2.png,\NYU\NYU_bedroom_0092\NYU_bedroom_0092_3.png
\European_flood_dataset\175\EF_175_26817179.jpg,\European_flood_dataset\175\EF_175_26817228.jpg
\NYU\NYU_home_office_0010\NYU_home_office_0010_3.png,\NYU\NYU_home_office_0010\NYU_home_office_0010_4.png
\European_flood_dataset\41\EF_41_26468228.jpg,\European_flood_dataset\41\EF_41_26468239.jpg
\tv_human_interactions_videos\hug_0038\TV_hug_0038_005.png,\tv_human_interactions_videos\hug_0038\TV_hug_0038_016.png
\NYU\NYU_bedroom_0056\NYU_bedroom_0056_1.png,\NYU\NYU_bedroom_0056\NYU_bedroom_0056_2.png
\Mendeley\Faculty_of_Engineering_parking_lot\MEN_FacultyOfAEngineeringParkingLot_imagem_053.png,\Mendeley\Faculty_of_Engineering_parking_lot\MEN_FacultyOfAEngineeringParkingLot_imagem_054.png
\NYU\NYU_kitchen_0023\NYU_kitchen_0023_2.png,\NYU\NYU_kitchen_0023\NYU_kitchen_0023_3.png
\NYU\NYU_office_kitchen_0001\NYU_office_kitchen_0001_1.png,\NYU\NYU_office_kitchen_0001\NYU_office_kitchen_0001_2.png
\European_flood_dataset\130\EF_130_26541236.jpg,\European_flood_dataset\130\EF_130_26541239.jpg
\European_flood_dataset\102\EF_102_26503072.jpg,\European_flood_dataset\102\EF_102_26503084.jpg
\NYU\NYU_bathroom_0011\NYU_bathroom_0011_1.png,\NYU\NYU_bathroom_0011\NYU_bathroom_0011_2.png
\tv_human_interactions_videos\hug_0005\TV_hug_0005_006.png,\tv_human_interactions_videos\hug_0005\TV_hug_0005_027.png
\NYU\NYU_dining_room_0013\NYU_dining_room_0013_2.png,\NYU\NYU_dining_room_0013\NYU_dining_room_0013_3.png
\NYU\NYU_kitchen_0010\NYU_kitchen_0010_2.png,\NYU\NYU_kitchen_0010\NYU_kitchen_0010_3.png
\European_flood_dataset\79\EF_79_26491436.jpg,\European_flood_dataset\79\EF_79_26491443.jpg
\NYU\NYU_dining_room_0013\NYU_dining_room_0013_1.png,\NYU\NYU_dining_room_0013\NYU_dining_room_0013_2.png
\NYU\NYU_living_room_0050\NYU_living_room_0050_1.png,\NYU\NYU_living_room_0050\NYU_living_room_0050_4.png
\European_flood_dataset\199\EF_199_27123203.jpg,\European_flood_dataset\199\EF_199_27148922.jpg
\NYU\NYU_bedroom_0135\NYU_bedroom_0135_2.png,\NYU\NYU_bedroom_0135\NYU_bedroom_0135_3.png
\NYU\NYU_kitchen_0052\NYU_kitchen_0052_1.png,\NYU\NYU_kitchen_0052\NYU_kitchen_0052_2.png
\NYU\NYU_kitchen_0035\NYU_kitchen_0035_1.png,\NYU\NYU_kitchen_0035\NYU_kitchen_0035_3.png
\European_flood_dataset\34\EF_34_26467448.jpg,\European_flood_dataset\34\EF_34_26467459.jpg
\NYU\NYU_kitchen_0028\NYU_kitchen_0028_2.png,\NYU\NYU_kitchen_0028\NYU_kitchen_0028_3.png
\European_flood_dataset\155\EF_155_26583035.jpg,\European_flood_dataset\155\EF_155_26583039.jpg
\NYU\NYU_living_room_0051\NYU_living_room_0051_2.png,\NYU\NYU_living_room_0051\NYU_living_room_0051_3.png
\NYU\NYU_bedroom_0038\NYU_bedroom_0038_1.png,\NYU\NYU_bedroom_0038\NYU_bedroom_0038_2.png
\NYU\NYU_living_room_0029\NYU_living_room_0029_1.png,\NYU\NYU_living_room_0029\NYU_living_room_0029_2.png
\OPEED\2\OP_2_447.png,\OPEED\2\OP_2_505.png
\NYU\NYU_living_room_0027\NYU_living_room_0027_1.png,\NYU\NYU_living_room_0027\NYU_living_room_0027_2.png
\NYU\NYU_dining_room_0036\NYU_dining_room_0036_4.png,\NYU\NYU_dining_room_0036\NYU_dining_room_0036_5.png
\NYU\NYU_kitchen_0019\NYU_kitchen_0019_6.png,\NYU\NYU_kitchen_0019\NYU_kitchen_0019_8.png
\NYU\NYU_kitchen_0032\NYU_kitchen_0032_1.png,\NYU\NYU_kitchen_0032\NYU_kitchen_0032_2.png
\RAGHAVENDER_SAHDEV_place_recognition\3\RSp_3_CorridorL19h6m39sLimg44.png,\RAGHAVENDER_SAHDEV_place_recognition\3\RSp_3_CorridorL19h6m43sLimg54.png
\European_flood_dataset\139\EF_139_26556184.jpg,\European_flood_dataset\139\EF_139_26556187.jpg
\NYU\NYU_dining_room_0017\NYU_dining_room_0017_1.png,\NYU\NYU_dining_room_0017\NYU_dining_room_0017_2.png
\tv_human_interactions_videos\hug_0005\TV_hug_0005_011.png,\tv_human_interactions_videos\hug_0005\TV_hug_0005_017.png
\NYU\NYU_kitchen_0059\NYU_kitchen_0059_1.png,\NYU\NYU_kitchen_0059\NYU_kitchen_0059_2.png
\NYU\NYU_bedroom_0109\NYU_bedroom_0109_1.png,\NYU\NYU_bedroom_0109\NYU_bedroom_0109_2.png
\European_flood_dataset\197\EF_197_27056632.jpg,\European_flood_dataset\197\EF_197_27056636.jpg
\NYU\NYU_kitchen_0030\NYU_kitchen_0030_2.png,\NYU\NYU_kitchen_0030\NYU_kitchen_0030_3.png
\NYU\NYU_bedroom_0062\NYU_bedroom_0062_2.png,\NYU\NYU_bedroom_0062\NYU_bedroom_0062_5.png
\NYU\NYU_bedroom_0030\NYU_bedroom_0030_2.png,\NYU\NYU_bedroom_0030\NYU_bedroom_0030_3.png
\NYU\NYU_kitchen_0019\NYU_kitchen_0019_1.png,\NYU\NYU_kitchen_0019\NYU_kitchen_0019_4.png
\MASATI\coast\25\MAS_coast_25_c0215.png,\MASATI\coast\25\MAS_coast_25_c0217.png
\OPEED\2\OP_2_653.png,\OPEED\2\OP_2_654.png
\NYU\NYU_home_office_0011\NYU_home_office_0011_1.png,\NYU\NYU_home_office_0011\NYU_home_office_0011_2.png
\NYU\NYU_kitchen_0042\NYU_kitchen_0042_1.png,\NYU\NYU_kitchen_0042\NYU_kitchen_0042_2.png
\European_flood_dataset\73\EF_73_26476497.jpg,\European_flood_dataset\73\EF_73_26476499.jpg
\MASATI\coastShip\42\MAS_coastShip_42_x0918.png,\MASATI\coastShip\42\MAS_coastShip_42_x0919.png
\tv_human_interactions_videos\highFive_0017\TV_highFive_0017_002.png,\tv_human_interactions_videos\highFive_0017\TV_highFive_0017_012.png
\tv_human_interactions_videos\hug_0041\TV_hug_0041_004.png,\tv_human_interactions_videos\hug_0041\TV_hug_0041_024.png
\NYU\NYU_office_0008\NYU_office_0008_2.png,\NYU\NYU_office_0008\NYU_office_0008_3.png
\NYU\NYU_office_0014\NYU_office_0014_1.png,\NYU\NYU_office_0014\NYU_office_0014_3.png
\NYU\NYU_living_room_0059\NYU_living_room_0059_1.png,\NYU\NYU_living_room_0059\NYU_living_room_0059_2.png
\European_flood_dataset\167\EF_167_26727531.jpg,\European_flood_dataset\167\EF_167_26727539.jpg
\NYU\NYU_kitchen_0033\NYU_kitchen_0033_4.png,\NYU\NYU_kitchen_0033\NYU_kitchen_0033_5.png
\European_flood_dataset\166\EF_166_26693326.jpg,\European_flood_dataset\166\EF_166_26693327.jpg
\MASATI\coastShip\27\MAS_coastShip_27_x0524.png,\MASATI\coastShip\27\MAS_coastShip_27_x0525.png
\OPEED\1\OP_1_290.png,\OPEED\1\OP_1_339.png
\European_flood_dataset\202\EF_202_27216862.jpg,\European_flood_dataset\202\EF_202_27216866.jpg
\NYU\NYU_office_0027\NYU_office_0027_5.png,\NYU\NYU_office_0027\NYU_office_0027_6.png
\NYU\NYU_living_room_0083\NYU_living_room_0083_2.png,\NYU\NYU_living_room_0083\NYU_living_room_0083_3.png
\European_flood_dataset\1\EF_1_25441113.jpg,\European_flood_dataset\1\EF_1_25441114.jpg
\NYU\NYU_bedroom_0062\NYU_bedroom_0062_1.png,\NYU\NYU_bedroom_0062\NYU_bedroom_0062_5.png
\European_flood_dataset\146\EF_146_26576845.jpg,\European_flood_dataset\146\EF_146_26576850.jpg
\NYU\NYU_living_room_0086\NYU_living_room_0086_2.png,\NYU\NYU_living_room_0086\NYU_living_room_0086_3.png
\MASATI\coast\25\MAS_coast_25_c0216.png,\MASATI\coast\25\MAS_coast_25_c0217.png
\European_flood_dataset\128\EF_128_26541081.jpg,\European_flood_dataset\128\EF_128_26541093.jpg
\European_flood_dataset\3\EF_3_26455230.jpg,\European_flood_dataset\3\EF_3_26455618.jpg
\tv_human_interactions_videos\highFive_0038\TV_highFive_0038_004.png,\tv_human_interactions_videos\highFive_0038\TV_highFive_0038_008.png
\European_flood_dataset\25\EF_25_26466279.jpg,\European_flood_dataset\25\EF_25_26466350.jpg
\NYU\NYU_bookstore_0002\NYU_bookstore_0002_4.png,\NYU\NYU_bookstore_0002\NYU_bookstore_0002_5.png
\European_flood_dataset\110\EF_110_26504256.jpg,\European_flood_dataset\110\EF_110_26504259.jpg
\NYU\NYU_classroom_0022\NYU_classroom_0022_4.png,\NYU\NYU_classroom_0022\NYU_classroom_0022_3.png
\NYU\NYU_bathroom_0056\NYU_bathroom_0056_1.png,\NYU\NYU_bathroom_0056\NYU_bathroom_0056_2.png
\tv_human_interactions_videos\kiss_0027\TV_kiss_0027_004.png,\tv_human_interactions_videos\kiss_0027\TV_kiss_0027_014.png
\tv_human_interactions_videos\kiss_0005\TV_kiss_0005_005.png,\tv_human_interactions_videos\kiss_0005\TV_kiss_0005_020.png
\NYU\NYU_kitchen_0047\NYU_kitchen_0047_2.png,\NYU\NYU_kitchen_0047\NYU_kitchen_0047_3.png
\European_flood_dataset\227\EF_227_56535702.jpg,\European_flood_dataset\227\EF_227_56535737.jpg
\European_flood_dataset\81\EF_81_26491864.jpg,\European_flood_dataset\81\EF_81_26491874.jpg
\European_flood_dataset\187\EF_187_26897921.jpg,\European_flood_dataset\187\EF_187_26897923.jpg
\NYU\NYU_kitchen_0029\NYU_kitchen_0029_1.png,\NYU\NYU_kitchen_0029\NYU_kitchen_0029_2.png
\NYU\NYU_living_room_0018\NYU_living_room_0018_2.png,\NYU\NYU_living_room_0018\NYU_living_room_0018_3.png
\tv_human_interactions_videos\kiss_0027\TV_kiss_0027_002.png,\tv_human_interactions_videos\kiss_0027\TV_kiss_0027_012.png
\NYU\NYU_dining_room_0033\NYU_dining_room_0033_1.png,\NYU\NYU_dining_room_0033\NYU_dining_room_0033_3.png
\RAGHAVENDER_SAHDEV_place_recognition\12\RSp_12_Lplace_TWO_17h52m8sLimg241.png,\RAGHAVENDER_SAHDEV_place_recognition\12\RSp_12_Lplace_TWO_17h52m11sLimg255.png
\European_flood_dataset\34\EF_34_26467448.jpg,\European_flood_dataset\34\EF_34_26467474.jpg
\European_flood_dataset\116\EF_116_26513967.jpg,\European_flood_dataset\116\EF_116_26513974.jpg
\NYU\NYU_living_room_0028\NYU_living_room_0028_2.png,\NYU\NYU_living_room_0028\NYU_living_room_0028_3.png
\tv_human_interactions_videos\hug_0014\TV_hug_0014_043.png,\tv_human_interactions_videos\hug_0014\TV_hug_0014_058.png
\European_flood_dataset\196\EF_196_27056623.jpg,\European_flood_dataset\196\EF_196_27056625.jpg
\NYU\NYU_living_room_0047\NYU_living_room_0047_1.png,\NYU\NYU_living_room_0047\NYU_living_room_0047_2.png
\NYU\NYU_dining_room_0022\NYU_dining_room_0022_1.png,\NYU\NYU_dining_room_0022\NYU_dining_room_0022_2.png
\European_flood_dataset\171\EF_171_26729046.jpg,\European_flood_dataset\171\EF_171_26729146.jpg
\NYU\NYU_bedroom_0005\NYU_bedroom_0005_2.png,\NYU\NYU_bedroom_0005\NYU_bedroom_0005_3.png
\NYU\NYU_study_0006\NYU_study_0006_2.png,\NYU\NYU_study_0006\NYU_study_0006_3.png
\NYU\NYU_bedroom_0110\NYU_bedroom_0110_1.png,\NYU\NYU_bedroom_0110\NYU_bedroom_0110_3.png
\European_flood_dataset\167\EF_167_26727528.jpg,\European_flood_dataset\167\EF_167_26727531.jpg
\NYU\NYU_dinette_0001\NYU_dinette_0001_1.png,\NYU\NYU_dinette_0001\NYU_dinette_0001_4.png
\NYU\NYU_laundry_room_0001\NYU_laundry_room_0001_1.png,\NYU\NYU_laundry_room_0001\NYU_laundry_room_0001_3.png
\NYU\NYU_kitchen_0003\NYU_kitchen_0003_3.png,\NYU\NYU_kitchen_0003\NYU_kitchen_0003_4.png
\European_flood_dataset\43\EF_43_26468507.jpg,\European_flood_dataset\43\EF_43_26468582.jpg
\NYU\NYU_bathroom_0053\NYU_bathroom_0053_1.png,\NYU\NYU_bathroom_0053\NYU_bathroom_0053_2.png
\tv_human_interactions_videos\hug_0045\TV_hug_0045_003.png,\tv_human_interactions_videos\hug_0045\TV_hug_0045_013.png
\European_flood_dataset\172\EF_172_26750873.jpg,\European_flood_dataset\172\EF_172_26750874.jpg
\tv_human_interactions_videos\hug_0014\TV_hug_0014_042.png,\tv_human_interactions_videos\hug_0014\TV_hug_0014_057.png
\European_flood_dataset\17\EF_17_26459677.jpg,\European_flood_dataset\17\EF_17_26459690.jpg
\European_flood_dataset\13\EF_13_26459097.jpg,\European_flood_dataset\13\EF_13_26459099.jpg
\NYU\NYU_bedroom_0117\NYU_bedroom_0117_1.png,\NYU\NYU_bedroom_0117\NYU_bedroom_0117_2.png
\European_flood_dataset\73\EF_73_26476498.jpg,\European_flood_dataset\73\EF_73_26476499.jpg
\European_flood_dataset\31\EF_31_26467037.jpg,\European_flood_dataset\31\EF_31_26467047.jpg
\European_flood_dataset\64\EF_64_26473279.jpg,\European_flood_dataset\64\EF_64_26473283.jpg
\European_flood_dataset\136\EF_136_26552815.jpg,\European_flood_dataset\136\EF_136_26552819.jpg
\European_flood_dataset\229\EF_229_60754137.jpg,\European_flood_dataset\229\EF_229_60754143.jpg
\RAGHAVENDER_SAHDEV_place_recognition\11\RSp_11_Lplace_THREE_184.png,\RAGHAVENDER_SAHDEV_place_recognition\11\RSp_11_Lplace_THREE_201.png
\European_flood_dataset\14\EF_14_26459112.jpg,\European_flood_dataset\14\EF_14_26459114.jpg
\NYU\NYU_bedroom_0095\NYU_bedroom_0095_2.png,\NYU\NYU_bedroom_0095\NYU_bedroom_0095_4.png
\European_flood_dataset\16\EF_16_26459603.jpg,\European_flood_dataset\16\EF_16_26459616.jpg
\RAGHAVENDER_SAHDEV_place_recognition\3\RSp_3_CorridorL19h6m26sLimg7.png,\RAGHAVENDER_SAHDEV_place_recognition\3\RSp_3_CorridorL19h6m34sLimg33.png
\NYU\NYU_dining_room_0033\NYU_dining_room_0033_2.png,\NYU\NYU_dining_room_0033\NYU_dining_room_0033_3.png
\Mendeley\Faculty_of_Engineering_parking_lot\MEN_FacultyOfAEngineeringParkingLot_imagem_005.png,\Mendeley\Faculty_of_Engineering_parking_lot\MEN_FacultyOfAEngineeringParkingLot_imagem_006.png
\OPEED\2\OP_2_892.png,\OPEED\2\OP_2_898.png
\European_flood_dataset\203\EF_203_27285395.jpg,\European_flood_dataset\203\EF_203_27285906.jpg
\NYU\NYU_kitchen_0045\NYU_kitchen_0045_1.png,\NYU\NYU_kitchen_0045\NYU_kitchen_0045_2.png
\NYU\NYU_bedroom_0057\NYU_bedroom_0057_1.png,\NYU\NYU_bedroom_0057\NYU_bedroom_0057_2.png
\tv_human_interactions_videos\highFive_0043\TV_highFive_0043_003.png,\tv_human_interactions_videos\highFive_0043\TV_highFive_0043_010.png
\NYU\NYU_bedroom_0006\NYU_bedroom_0006_5.png,\NYU\NYU_bedroom_0006\NYU_bedroom_0006_6.png
\NYU\NYU_bathroom_0038\NYU_bathroom_0038_1.png,\NYU\NYU_bathroom_0038\NYU_bathroom_0038_2.png
\NYU\NYU_living_room_0028\NYU_living_room_0028_1.png,\NYU\NYU_living_room_0028\NYU_living_room_0028_4.png
\tv_human_interactions_videos\highFive_0042\TV_highFive_0042_001.png,\tv_human_interactions_videos\highFive_0042\TV_highFive_0042_008.png
\MASATI\coast\22\MAS_coast_22_c0183.png,\MASATI\coast\22\MAS_coast_22_c0184.png
\NYU\NYU_kitchen_0030\NYU_kitchen_0030_3.png,\NYU\NYU_kitchen_0030\NYU_kitchen_0030_5.png
\NYU\NYU_kitchen_0019\NYU_kitchen_0019_7.png,\NYU\NYU_kitchen_0019\NYU_kitchen_0019_8.png
\NYU\NYU_kitchen_0033\NYU_kitchen_0033_1.png,\NYU\NYU_kitchen_0033\NYU_kitchen_0033_4.png
\NYU\NYU_dining_room_0029\NYU_dining_room_0029_1.png,\NYU\NYU_dining_room_0029\NYU_dining_room_0029_2.png
\NYU\NYU_office_0022\NYU_office_0022_1.png,\NYU\NYU_office_0022\NYU_office_0022_5.png
\European_flood_dataset\130\EF_130_26541236.jpg,\European_flood_dataset\130\EF_130_26541237.jpg
